"state","x","y","se","indep_var","dep_var"
"Pennsylvania",0.0611,-0.0406310287607763,0.00141522228981657,"fraction_long_edges_bracket_mean","zip_log_income_median_family"
"Pennsylvania",0.1073,-0.0216874244058527,0.0013383728799939,"fraction_long_edges_bracket_mean","zip_log_income_median_family"
"Pennsylvania",0.139,-0.00992596002528146,0.00126397904113313,"fraction_long_edges_bracket_mean","zip_log_income_median_family"
"Pennsylvania",0.1673,0,0,"fraction_long_edges_bracket_mean","zip_log_income_median_family"
"Pennsylvania",0.195,0.00748035874683595,0.001207014400756,"fraction_long_edges_bracket_mean","zip_log_income_median_family"
"Pennsylvania",0.2232,0.0142218349854701,0.00124011813982127,"fraction_long_edges_bracket_mean","zip_log_income_median_family"
"Pennsylvania",0.2533,0.0201316856915685,0.00121088017644995,"fraction_long_edges_bracket_mean","zip_log_income_median_family"
"Pennsylvania",0.2877,0.025422496341859,0.00124231061472972,"fraction_long_edges_bracket_mean","zip_log_income_median_family"
"Pennsylvania",0.3272,0.0313168816766449,0.00131312285897471,"fraction_long_edges_bracket_mean","zip_log_income_median_family"
"Pennsylvania",0.376,0.0350228111588553,0.00142944185529556,"fraction_long_edges_bracket_mean","zip_log_income_median_family"
"Pennsylvania",0.4447,0.038116631778486,0.00164906435215081,"fraction_long_edges_bracket_mean","zip_log_income_median_family"
"Pennsylvania",0.5998,0.0391029447412894,0.00236346427128826,"fraction_long_edges_bracket_mean","zip_log_income_median_family"
"Illinois",0.0539,-0.0603658413452077,0.00242049632160915,"fraction_long_edges_bracket_mean","zip_log_income_median_family"
"Illinois",0.0983,-0.0316868635148975,0.00222106826636619,"fraction_long_edges_bracket_mean","zip_log_income_median_family"
"Illinois",0.1305,-0.0166272177959961,0.00212381855315323,"fraction_long_edges_bracket_mean","zip_log_income_median_family"
"Illinois",0.1594,0,0,"fraction_long_edges_bracket_mean","zip_log_income_median_family"
"Illinois",0.188,0.0144502559254196,0.00205217432573754,"fraction_long_edges_bracket_mean","zip_log_income_median_family"
"Illinois",0.2176,0.0268179416192211,0.00210823466971288,"fraction_long_edges_bracket_mean","zip_log_income_median_family"
"Illinois",0.2487,0.0393819601982823,0.00213669946780533,"fraction_long_edges_bracket_mean","zip_log_income_median_family"
"Illinois",0.2836,0.0505487326476022,0.00223271363115943,"fraction_long_edges_bracket_mean","zip_log_income_median_family"
"Illinois",0.3241,0.0638558930146402,0.00236126069389215,"fraction_long_edges_bracket_mean","zip_log_income_median_family"
"Illinois",0.3748,0.0743034484310261,0.0026138475985276,"fraction_long_edges_bracket_mean","zip_log_income_median_family"
"Illinois",0.4451,0.0911448493890727,0.00302525185709032,"fraction_long_edges_bracket_mean","zip_log_income_median_family"
"Illinois",0.6022,0.102030530859215,0.00393590025843041,"fraction_long_edges_bracket_mean","zip_log_income_median_family"
"Texas",0.0595,-0.107019334747468,0.00165068166004999,"fraction_long_edges_bracket_mean","zip_log_income_median_family"
"Texas",0.1094,-0.0553406257166547,0.00154299143392365,"fraction_long_edges_bracket_mean","zip_log_income_median_family"
"Texas",0.144,-0.0211858191656304,0.00146297149489259,"fraction_long_edges_bracket_mean","zip_log_income_median_family"
"Texas",0.1749,0,0,"fraction_long_edges_bracket_mean","zip_log_income_median_family"
"Texas",0.2047,0.0215963799472902,0.00141250539360979,"fraction_long_edges_bracket_mean","zip_log_income_median_family"
"Texas",0.2336,0.0385122976070242,0.00145968222309656,"fraction_long_edges_bracket_mean","zip_log_income_median_family"
"Texas",0.2655,0.0512190876714431,0.00139979775097334,"fraction_long_edges_bracket_mean","zip_log_income_median_family"
"Texas",0.3021,0.0651099020265491,0.00146897754698235,"fraction_long_edges_bracket_mean","zip_log_income_median_family"
"Texas",0.343,0.0799462147813621,0.00151311462993801,"fraction_long_edges_bracket_mean","zip_log_income_median_family"
"Texas",0.3943,0.0906755514320938,0.00162847743623524,"fraction_long_edges_bracket_mean","zip_log_income_median_family"
"Texas",0.466,0.0999023144429696,0.00187039803693141,"fraction_long_edges_bracket_mean","zip_log_income_median_family"
"Texas",0.6239,0.10001462534523,0.00255669933328348,"fraction_long_edges_bracket_mean","zip_log_income_median_family"
"Florida",0.0734,-0.0462166125176395,0.0016089458451133,"fraction_long_edges_bracket_mean","zip_log_income_median_family"
"Florida",0.1321,-0.0222819589650278,0.00147555925072381,"fraction_long_edges_bracket_mean","zip_log_income_median_family"
"Florida",0.17,-0.00953124148157336,0.0014500256885713,"fraction_long_edges_bracket_mean","zip_log_income_median_family"
"Florida",0.2025,0,0,"fraction_long_edges_bracket_mean","zip_log_income_median_family"
"Florida",0.2328,0.00689419014418213,0.00143595871897802,"fraction_long_edges_bracket_mean","zip_log_income_median_family"
"Florida",0.2639,0.0132634438977295,0.00140087260730882,"fraction_long_edges_bracket_mean","zip_log_income_median_family"
"Florida",0.2972,0.0185500866594381,0.00142796871209676,"fraction_long_edges_bracket_mean","zip_log_income_median_family"
"Florida",0.3334,0.0229806039910514,0.00146080448840607,"fraction_long_edges_bracket_mean","zip_log_income_median_family"
"Florida",0.3744,0.0293031193876221,0.0015217708588561,"fraction_long_edges_bracket_mean","zip_log_income_median_family"
"Florida",0.4254,0.0315200791253467,0.00161712303245081,"fraction_long_edges_bracket_mean","zip_log_income_median_family"
"Florida",0.496,0.0355941329469331,0.00175840680280917,"fraction_long_edges_bracket_mean","zip_log_income_median_family"
"Florida",0.6487,0.0355014316424214,0.00235998051298379,"fraction_long_edges_bracket_mean","zip_log_income_median_family"
"California",0.0917,-0.0862199848976832,0.00175469895852642,"fraction_long_edges_bracket_mean","zip_log_income_median_family"
"California",0.1534,-0.0438663027685884,0.00168189639224533,"fraction_long_edges_bracket_mean","zip_log_income_median_family"
"California",0.193,-0.0184477159242071,0.00166502385764453,"fraction_long_edges_bracket_mean","zip_log_income_median_family"
"California",0.2273,0,0,"fraction_long_edges_bracket_mean","zip_log_income_median_family"
"California",0.2603,0.0154849317131127,0.0016208671329417,"fraction_long_edges_bracket_mean","zip_log_income_median_family"
"California",0.2934,0.0304183384168812,0.00161423068554114,"fraction_long_edges_bracket_mean","zip_log_income_median_family"
"California",0.3282,0.0422160792512543,0.00161945111317096,"fraction_long_edges_bracket_mean","zip_log_income_median_family"
"California",0.3661,0.0577701298131945,0.00164266268909802,"fraction_long_edges_bracket_mean","zip_log_income_median_family"
"California",0.4096,0.0689018359235778,0.00170661219806611,"fraction_long_edges_bracket_mean","zip_log_income_median_family"
"California",0.4618,0.0823525458579475,0.00181003072324923,"fraction_long_edges_bracket_mean","zip_log_income_median_family"
"California",0.5348,0.0933063315288187,0.00212698626334098,"fraction_long_edges_bracket_mean","zip_log_income_median_family"
"California",0.6877,0.106011686525482,0.00300818200926716,"fraction_long_edges_bracket_mean","zip_log_income_median_family"
"New York",0.0614,-0.0440314041551595,0.00246620847997259,"fraction_long_edges_bracket_mean","zip_log_income_median_family"
"New York",0.1075,-0.0229067467193556,0.00238853109819086,"fraction_long_edges_bracket_mean","zip_log_income_median_family"
"New York",0.14,-0.00527626336664611,0.00222878686644338,"fraction_long_edges_bracket_mean","zip_log_income_median_family"
"New York",0.1702,0,0,"fraction_long_edges_bracket_mean","zip_log_income_median_family"
"New York",0.1991,0.00820223085288063,0.00221436980726141,"fraction_long_edges_bracket_mean","zip_log_income_median_family"
"New York",0.2295,0.0170783980791533,0.00217566546866145,"fraction_long_edges_bracket_mean","zip_log_income_median_family"
"New York",0.2621,0.0248262178849394,0.00222128405368843,"fraction_long_edges_bracket_mean","zip_log_income_median_family"
"New York",0.2988,0.0312744519091694,0.00226322299630981,"fraction_long_edges_bracket_mean","zip_log_income_median_family"
"New York",0.3421,0.0420684589013103,0.00240780056733935,"fraction_long_edges_bracket_mean","zip_log_income_median_family"
"New York",0.3948,0.0517996798423965,0.00272243261102515,"fraction_long_edges_bracket_mean","zip_log_income_median_family"
"New York",0.4705,0.0642845364400113,0.00333306282472964,"fraction_long_edges_bracket_mean","zip_log_income_median_family"
"New York",0.6364,0.0764051289348089,0.00510993181740327,"fraction_long_edges_bracket_mean","zip_log_income_median_family"
"Pennsylvania",0.0611,-0.0890873786373416,0.0091765527664063,"fraction_long_edges_bracket_mean","num_devices"
"Pennsylvania",0.1073,-0.0506117697814341,0.00912654072871613,"fraction_long_edges_bracket_mean","num_devices"
"Pennsylvania",0.139,-0.0220580793449003,0.00832569901322256,"fraction_long_edges_bracket_mean","num_devices"
"Pennsylvania",0.1673,0,0,"fraction_long_edges_bracket_mean","num_devices"
"Pennsylvania",0.195,0.00543469186733025,0.00800046323527626,"fraction_long_edges_bracket_mean","num_devices"
"Pennsylvania",0.2232,0.0447806890484359,0.00824721055131625,"fraction_long_edges_bracket_mean","num_devices"
"Pennsylvania",0.2533,0.0554626285285953,0.00797460548710548,"fraction_long_edges_bracket_mean","num_devices"
"Pennsylvania",0.2877,0.0983756363769785,0.00854093360268427,"fraction_long_edges_bracket_mean","num_devices"
"Pennsylvania",0.3272,0.12407700555366,0.00889153916092036,"fraction_long_edges_bracket_mean","num_devices"
"Pennsylvania",0.376,0.142222943110319,0.00919388234624359,"fraction_long_edges_bracket_mean","num_devices"
"Pennsylvania",0.4447,0.177452407152437,0.0109550628319123,"fraction_long_edges_bracket_mean","num_devices"
"Pennsylvania",0.5998,0.229863075525493,0.0192749011996966,"fraction_long_edges_bracket_mean","num_devices"
"Illinois",0.0539,-0.0910389991671625,0.0106018319656953,"fraction_long_edges_bracket_mean","num_devices"
"Illinois",0.0983,-0.0596091081519745,0.00929540790077035,"fraction_long_edges_bracket_mean","num_devices"
"Illinois",0.1305,-0.0293479823035483,0.00903410056008962,"fraction_long_edges_bracket_mean","num_devices"
"Illinois",0.1594,0,0,"fraction_long_edges_bracket_mean","num_devices"
"Illinois",0.188,0.0111386826881179,0.00831014343213799,"fraction_long_edges_bracket_mean","num_devices"
"Illinois",0.2176,0.0361147022717607,0.00850908828003206,"fraction_long_edges_bracket_mean","num_devices"
"Illinois",0.2487,0.0618392766532008,0.00840021496256887,"fraction_long_edges_bracket_mean","num_devices"
"Illinois",0.2836,0.0806700344549833,0.00878127598339734,"fraction_long_edges_bracket_mean","num_devices"
"Illinois",0.3241,0.120211130574301,0.00923591492725103,"fraction_long_edges_bracket_mean","num_devices"
"Illinois",0.3748,0.152466554073609,0.0102591519871373,"fraction_long_edges_bracket_mean","num_devices"
"Illinois",0.4451,0.187327980121873,0.0120303447165219,"fraction_long_edges_bracket_mean","num_devices"
"Illinois",0.6022,0.213867305200088,0.0178022789760446,"fraction_long_edges_bracket_mean","num_devices"
"Texas",0.0595,-0.0933674163643112,0.00661060159420741,"fraction_long_edges_bracket_mean","num_devices"
"Texas",0.1094,-0.0489971504154689,0.00631151754417674,"fraction_long_edges_bracket_mean","num_devices"
"Texas",0.144,-0.0116147662809554,0.00583869662346378,"fraction_long_edges_bracket_mean","num_devices"
"Texas",0.1749,0,0,"fraction_long_edges_bracket_mean","num_devices"
"Texas",0.2047,0.0427438003313947,0.00562702542618256,"fraction_long_edges_bracket_mean","num_devices"
"Texas",0.2336,0.0660120618877844,0.00571362809527439,"fraction_long_edges_bracket_mean","num_devices"
"Texas",0.2655,0.0875725188082268,0.00558084219322658,"fraction_long_edges_bracket_mean","num_devices"
"Texas",0.3021,0.105275601179674,0.00593136188742695,"fraction_long_edges_bracket_mean","num_devices"
"Texas",0.343,0.13219247772061,0.0060022004899279,"fraction_long_edges_bracket_mean","num_devices"
"Texas",0.3943,0.152465400895975,0.00645997748306478,"fraction_long_edges_bracket_mean","num_devices"
"Texas",0.466,0.188813761912868,0.00754454218805779,"fraction_long_edges_bracket_mean","num_devices"
"Texas",0.6239,0.200973114087797,0.00934995285333838,"fraction_long_edges_bracket_mean","num_devices"
"Florida",0.0734,-0.0759224715161859,0.00826606786374398,"fraction_long_edges_bracket_mean","num_devices"
"Florida",0.1321,-0.0460218057875648,0.00720997642801424,"fraction_long_edges_bracket_mean","num_devices"
"Florida",0.17,-0.0230240714058279,0.00693090039828064,"fraction_long_edges_bracket_mean","num_devices"
"Florida",0.2025,0,0,"fraction_long_edges_bracket_mean","num_devices"
"Florida",0.2328,0.0211618953261459,0.0071485135018265,"fraction_long_edges_bracket_mean","num_devices"
"Florida",0.2639,0.0432003082219401,0.00682565688400889,"fraction_long_edges_bracket_mean","num_devices"
"Florida",0.2972,0.0581858438084706,0.00696912677740495,"fraction_long_edges_bracket_mean","num_devices"
"Florida",0.3334,0.0695685009043787,0.00712426955315696,"fraction_long_edges_bracket_mean","num_devices"
"Florida",0.3744,0.103761965853398,0.00761648582749339,"fraction_long_edges_bracket_mean","num_devices"
"Florida",0.4254,0.120415004932136,0.00796011063861157,"fraction_long_edges_bracket_mean","num_devices"
"Florida",0.496,0.142774181057874,0.0090073805903158,"fraction_long_edges_bracket_mean","num_devices"
"Florida",0.6487,0.171432709361518,0.0105714916889612,"fraction_long_edges_bracket_mean","num_devices"
"California",0.0917,-0.0949659257796163,0.00625402058851266,"fraction_long_edges_bracket_mean","num_devices"
"California",0.1534,-0.061008443075655,0.00603871738445498,"fraction_long_edges_bracket_mean","num_devices"
"California",0.193,-0.0258281111853087,0.00600978367671448,"fraction_long_edges_bracket_mean","num_devices"
"California",0.2273,0,0,"fraction_long_edges_bracket_mean","num_devices"
"California",0.2603,0.0236311288666413,0.00578551167694364,"fraction_long_edges_bracket_mean","num_devices"
"California",0.2934,0.0411090121776452,0.00569870634181154,"fraction_long_edges_bracket_mean","num_devices"
"California",0.3282,0.0690840791780212,0.0057284500139228,"fraction_long_edges_bracket_mean","num_devices"
"California",0.3661,0.0933367607731186,0.00579357286991807,"fraction_long_edges_bracket_mean","num_devices"
"California",0.4096,0.113626177963846,0.00588553032463705,"fraction_long_edges_bracket_mean","num_devices"
"California",0.4618,0.1464875037791,0.00650074905592534,"fraction_long_edges_bracket_mean","num_devices"
"California",0.5348,0.183418705710229,0.00716153501531249,"fraction_long_edges_bracket_mean","num_devices"
"California",0.6877,0.221263448340508,0.0112158509420354,"fraction_long_edges_bracket_mean","num_devices"
"New York",0.0614,-0.0845744476170411,0.00940758719274403,"fraction_long_edges_bracket_mean","num_devices"
"New York",0.1075,-0.0519510208221785,0.00914137810402931,"fraction_long_edges_bracket_mean","num_devices"
"New York",0.14,-0.0418521097819791,0.00832079841767212,"fraction_long_edges_bracket_mean","num_devices"
"New York",0.1702,0,0,"fraction_long_edges_bracket_mean","num_devices"
"New York",0.1991,0.0204290249970658,0.00810180300795314,"fraction_long_edges_bracket_mean","num_devices"
"New York",0.2295,0.0322032270061157,0.00784031006300555,"fraction_long_edges_bracket_mean","num_devices"
"New York",0.2621,0.0630299654146302,0.00809256222102175,"fraction_long_edges_bracket_mean","num_devices"
"New York",0.2988,0.0871547201294582,0.00800736976857296,"fraction_long_edges_bracket_mean","num_devices"
"New York",0.3421,0.108037500292431,0.00851321477524054,"fraction_long_edges_bracket_mean","num_devices"
"New York",0.3948,0.1548779288103,0.010138991448753,"fraction_long_edges_bracket_mean","num_devices"
"New York",0.4705,0.182697444364246,0.0145241566735933,"fraction_long_edges_bracket_mean","num_devices"
"New York",0.6364,0.242671104522111,0.0158560108117674,"fraction_long_edges_bracket_mean","num_devices"
"Pennsylvania",0.0611,-0.231300131729953,0.0134231838162265,"fraction_long_edges_bracket_mean","num_donations"
"Pennsylvania",0.1073,-0.149238666862757,0.012811016808207,"fraction_long_edges_bracket_mean","num_donations"
"Pennsylvania",0.139,-0.0787039234143312,0.0131267655200894,"fraction_long_edges_bracket_mean","num_donations"
"Pennsylvania",0.1673,0,0,"fraction_long_edges_bracket_mean","num_donations"
"Pennsylvania",0.195,0.0605493776741239,0.0155800018353985,"fraction_long_edges_bracket_mean","num_donations"
"Pennsylvania",0.2232,0.0762641352928767,0.015452320004568,"fraction_long_edges_bracket_mean","num_donations"
"Pennsylvania",0.2533,0.134482428135987,0.0168950480154086,"fraction_long_edges_bracket_mean","num_donations"
"Pennsylvania",0.2877,0.163267192355905,0.0189755922483736,"fraction_long_edges_bracket_mean","num_donations"
"Pennsylvania",0.3272,0.250963223225358,0.0221560945829833,"fraction_long_edges_bracket_mean","num_donations"
"Pennsylvania",0.376,0.252756873574492,0.0278321718590598,"fraction_long_edges_bracket_mean","num_donations"
"Pennsylvania",0.4447,0.323646616778177,0.0377303033430712,"fraction_long_edges_bracket_mean","num_donations"
"Pennsylvania",0.5998,0.229281071838846,0.0449143898240929,"fraction_long_edges_bracket_mean","num_donations"
"Illinois",0.0539,-0.211169706441048,0.0181233924203768,"fraction_long_edges_bracket_mean","num_donations"
"Illinois",0.0983,-0.132575407040684,0.0132026863685938,"fraction_long_edges_bracket_mean","num_donations"
"Illinois",0.1305,-0.0487580642679616,0.0138511787994257,"fraction_long_edges_bracket_mean","num_donations"
"Illinois",0.1594,0,0,"fraction_long_edges_bracket_mean","num_donations"
"Illinois",0.188,0.0911247794611783,0.0164203583487631,"fraction_long_edges_bracket_mean","num_donations"
"Illinois",0.2176,0.149835669330963,0.0183145887072381,"fraction_long_edges_bracket_mean","num_donations"
"Illinois",0.2487,0.182753502903816,0.0240449954263756,"fraction_long_edges_bracket_mean","num_donations"
"Illinois",0.2836,0.235102125411809,0.0215905830786291,"fraction_long_edges_bracket_mean","num_donations"
"Illinois",0.3241,0.285469926762962,0.0221899508525618,"fraction_long_edges_bracket_mean","num_donations"
"Illinois",0.3748,0.346018634274015,0.0386090013472602,"fraction_long_edges_bracket_mean","num_donations"
"Illinois",0.4451,0.324532437402786,0.0354809162615562,"fraction_long_edges_bracket_mean","num_donations"
"Illinois",0.6022,0.362236959488428,0.0828833945710588,"fraction_long_edges_bracket_mean","num_donations"
"Texas",0.0595,-0.239278601024343,0.00788693772290461,"fraction_long_edges_bracket_mean","num_donations"
"Texas",0.1094,-0.133724573822202,0.00822893047745798,"fraction_long_edges_bracket_mean","num_donations"
"Texas",0.144,-0.0681780334054428,0.00825175672356603,"fraction_long_edges_bracket_mean","num_donations"
"Texas",0.1749,0,0,"fraction_long_edges_bracket_mean","num_donations"
"Texas",0.2047,0.0482580708253837,0.009357506156214,"fraction_long_edges_bracket_mean","num_donations"
"Texas",0.2336,0.0875815065490507,0.00998426245362039,"fraction_long_edges_bracket_mean","num_donations"
"Texas",0.2655,0.138599611749223,0.0110843265090141,"fraction_long_edges_bracket_mean","num_donations"
"Texas",0.3021,0.178683305071988,0.0137188791361724,"fraction_long_edges_bracket_mean","num_donations"
"Texas",0.343,0.196917339849368,0.0137288770273625,"fraction_long_edges_bracket_mean","num_donations"
"Texas",0.3943,0.226157770129386,0.0153349563537015,"fraction_long_edges_bracket_mean","num_donations"
"Texas",0.466,0.226721215390138,0.0225500945697018,"fraction_long_edges_bracket_mean","num_donations"
"Texas",0.6239,0.216277460638666,0.0617156945549525,"fraction_long_edges_bracket_mean","num_donations"
"Florida",0.0734,-0.19712456989551,0.0111911004076276,"fraction_long_edges_bracket_mean","num_donations"
"Florida",0.1321,-0.103315824532554,0.010785080987915,"fraction_long_edges_bracket_mean","num_donations"
"Florida",0.17,-0.048136422603833,0.0107893164925172,"fraction_long_edges_bracket_mean","num_donations"
"Florida",0.2025,0,0,"fraction_long_edges_bracket_mean","num_donations"
"Florida",0.2328,0.0593274239154973,0.0210354772175848,"fraction_long_edges_bracket_mean","num_donations"
"Florida",0.2639,0.0554995262340244,0.0118778898741773,"fraction_long_edges_bracket_mean","num_donations"
"Florida",0.2972,0.106494891799347,0.0135372028038667,"fraction_long_edges_bracket_mean","num_donations"
"Florida",0.3334,0.119997483744392,0.0142169228137634,"fraction_long_edges_bracket_mean","num_donations"
"Florida",0.3744,0.134048143166886,0.0161632294278423,"fraction_long_edges_bracket_mean","num_donations"
"Florida",0.4254,0.148434135955978,0.0211712568138515,"fraction_long_edges_bracket_mean","num_donations"
"Florida",0.496,0.131474996522506,0.0254576209821051,"fraction_long_edges_bracket_mean","num_donations"
"Florida",0.6487,0.0721875872881562,0.0265621573741015,"fraction_long_edges_bracket_mean","num_donations"
"California",0.0917,-0.25226134182159,0.00966266490402252,"fraction_long_edges_bracket_mean","num_donations"
"California",0.1534,-0.123823838072742,0.010093454468193,"fraction_long_edges_bracket_mean","num_donations"
"California",0.193,-0.054466825821782,0.0104234709308051,"fraction_long_edges_bracket_mean","num_donations"
"California",0.2273,0,0,"fraction_long_edges_bracket_mean","num_donations"
"California",0.2603,0.050609554182996,0.0110466012348549,"fraction_long_edges_bracket_mean","num_donations"
"California",0.2934,0.0991735570498032,0.011960220528514,"fraction_long_edges_bracket_mean","num_donations"
"California",0.3282,0.149379833798252,0.0139112415123747,"fraction_long_edges_bracket_mean","num_donations"
"California",0.3661,0.198679442139453,0.0148128077763324,"fraction_long_edges_bracket_mean","num_donations"
"California",0.4096,0.196590671347348,0.0173645404596707,"fraction_long_edges_bracket_mean","num_donations"
"California",0.4618,0.267646323578135,0.0214209438358762,"fraction_long_edges_bracket_mean","num_donations"
"California",0.5348,0.251602583826791,0.0217720160567372,"fraction_long_edges_bracket_mean","num_donations"
"California",0.6877,0.202700690787079,0.0289912247399249,"fraction_long_edges_bracket_mean","num_donations"
"New York",0.0614,-0.252170630047175,0.0120868635860279,"fraction_long_edges_bracket_mean","num_donations"
"New York",0.1075,-0.149712891932485,0.0127422783169497,"fraction_long_edges_bracket_mean","num_donations"
"New York",0.14,-0.0513990727878395,0.0143446226442818,"fraction_long_edges_bracket_mean","num_donations"
"New York",0.1702,0,0,"fraction_long_edges_bracket_mean","num_donations"
"New York",0.1991,0.0765241172628983,0.015007656687645,"fraction_long_edges_bracket_mean","num_donations"
"New York",0.2295,0.138677362541016,0.0174768278346502,"fraction_long_edges_bracket_mean","num_donations"
"New York",0.2621,0.209639341246362,0.0189961594984122,"fraction_long_edges_bracket_mean","num_donations"
"New York",0.2988,0.228436757382075,0.0181015224472266,"fraction_long_edges_bracket_mean","num_donations"
"New York",0.3421,0.288099496284534,0.0206600305123792,"fraction_long_edges_bracket_mean","num_donations"
"New York",0.3948,0.388828841615782,0.0356600721006895,"fraction_long_edges_bracket_mean","num_donations"
"New York",0.4705,0.43740459584828,0.0453189142196684,"fraction_long_edges_bracket_mean","num_donations"
"New York",0.6364,0.328319895279081,0.0662487823107626,"fraction_long_edges_bracket_mean","num_donations"
"Pennsylvania",0.0611,-0.0594700519326228,0.00197916833277558,"fraction_long_edges_bracket_mean","zip_log_income_mean_family"
"Pennsylvania",0.1073,-0.0315931198412986,0.00187581167734133,"fraction_long_edges_bracket_mean","zip_log_income_mean_family"
"Pennsylvania",0.139,-0.0150943649997455,0.0018118724674065,"fraction_long_edges_bracket_mean","zip_log_income_mean_family"
"Pennsylvania",0.1673,0,0,"fraction_long_edges_bracket_mean","zip_log_income_mean_family"
"Pennsylvania",0.195,0.0113859410589221,0.00175847372905328,"fraction_long_edges_bracket_mean","zip_log_income_mean_family"
"Pennsylvania",0.2232,0.0222602637784739,0.00182140589319493,"fraction_long_edges_bracket_mean","zip_log_income_mean_family"
"Pennsylvania",0.2533,0.034316565251336,0.00179478337354535,"fraction_long_edges_bracket_mean","zip_log_income_mean_family"
"Pennsylvania",0.2877,0.0408876517891947,0.00185168971870238,"fraction_long_edges_bracket_mean","zip_log_income_mean_family"
"Pennsylvania",0.3272,0.0507852408382146,0.0019611890692227,"fraction_long_edges_bracket_mean","zip_log_income_mean_family"
"Pennsylvania",0.376,0.0630699267404946,0.00216103007200632,"fraction_long_edges_bracket_mean","zip_log_income_mean_family"
"Pennsylvania",0.4447,0.0692915536814436,0.00259398672736052,"fraction_long_edges_bracket_mean","zip_log_income_mean_family"
"Pennsylvania",0.5998,0.0722105659011802,0.00366502650987629,"fraction_long_edges_bracket_mean","zip_log_income_mean_family"
"Illinois",0.0539,-0.0635593202772071,0.00233158437043404,"fraction_long_edges_bracket_mean","zip_log_income_mean_family"
"Illinois",0.0983,-0.0347491788954137,0.00212364035549232,"fraction_long_edges_bracket_mean","zip_log_income_mean_family"
"Illinois",0.1305,-0.017585716204028,0.00203083502536332,"fraction_long_edges_bracket_mean","zip_log_income_mean_family"
"Illinois",0.1594,0,0,"fraction_long_edges_bracket_mean","zip_log_income_mean_family"
"Illinois",0.188,0.0160636457663124,0.0019604055930613,"fraction_long_edges_bracket_mean","zip_log_income_mean_family"
"Illinois",0.2176,0.0306552143422376,0.00201277479782333,"fraction_long_edges_bracket_mean","zip_log_income_mean_family"
"Illinois",0.2487,0.0453175701385806,0.00203737948798519,"fraction_long_edges_bracket_mean","zip_log_income_mean_family"
"Illinois",0.2836,0.0598601218891908,0.00213755669403402,"fraction_long_edges_bracket_mean","zip_log_income_mean_family"
"Illinois",0.3241,0.0752160492558946,0.00226794640769851,"fraction_long_edges_bracket_mean","zip_log_income_mean_family"
"Illinois",0.3748,0.0890183048286772,0.00252463086607491,"fraction_long_edges_bracket_mean","zip_log_income_mean_family"
"Illinois",0.4451,0.111261563706904,0.00296350807290296,"fraction_long_edges_bracket_mean","zip_log_income_mean_family"
"Illinois",0.6022,0.129867318591996,0.00392141354023104,"fraction_long_edges_bracket_mean","zip_log_income_mean_family"
"Texas",0.0595,-0.0952917256040724,0.00153074316088087,"fraction_long_edges_bracket_mean","zip_log_income_mean_family"
"Texas",0.1094,-0.0511013394271007,0.00143998241191742,"fraction_long_edges_bracket_mean","zip_log_income_mean_family"
"Texas",0.144,-0.0206279752199308,0.00137275448393211,"fraction_long_edges_bracket_mean","zip_log_income_mean_family"
"Texas",0.1749,0,0,"fraction_long_edges_bracket_mean","zip_log_income_mean_family"
"Texas",0.2047,0.0200833416331268,0.00133029809255546,"fraction_long_edges_bracket_mean","zip_log_income_mean_family"
"Texas",0.2336,0.0366685368973698,0.00137949692450745,"fraction_long_edges_bracket_mean","zip_log_income_mean_family"
"Texas",0.2655,0.0492666175084384,0.00132391712761331,"fraction_long_edges_bracket_mean","zip_log_income_mean_family"
"Texas",0.3021,0.0636131596650511,0.00139385804443419,"fraction_long_edges_bracket_mean","zip_log_income_mean_family"
"Texas",0.343,0.0791024764336363,0.00144387357750637,"fraction_long_edges_bracket_mean","zip_log_income_mean_family"
"Texas",0.3943,0.0905964637077687,0.00155507728851407,"fraction_long_edges_bracket_mean","zip_log_income_mean_family"
"Texas",0.466,0.103319830799284,0.00183861593277795,"fraction_long_edges_bracket_mean","zip_log_income_mean_family"
"Texas",0.6239,0.106857562913904,0.00250110165137466,"fraction_long_edges_bracket_mean","zip_log_income_mean_family"
"Florida",0.0734,-0.0503162649606974,0.00166008318906456,"fraction_long_edges_bracket_mean","zip_log_income_mean_family"
"Florida",0.1321,-0.0253574903931373,0.00152718342044365,"fraction_long_edges_bracket_mean","zip_log_income_mean_family"
"Florida",0.17,-0.0106791721293362,0.00150061911669647,"fraction_long_edges_bracket_mean","zip_log_income_mean_family"
"Florida",0.2025,0,0,"fraction_long_edges_bracket_mean","zip_log_income_mean_family"
"Florida",0.2328,0.00765840127342265,0.00149035290807307,"fraction_long_edges_bracket_mean","zip_log_income_mean_family"
"Florida",0.2639,0.0164380544479972,0.00145409550106961,"fraction_long_edges_bracket_mean","zip_log_income_mean_family"
"Florida",0.2972,0.0242324556457092,0.00148493302595125,"fraction_long_edges_bracket_mean","zip_log_income_mean_family"
"Florida",0.3334,0.0304615219579087,0.0015212868245181,"fraction_long_edges_bracket_mean","zip_log_income_mean_family"
"Florida",0.3744,0.0398888501204304,0.0015955485015185,"fraction_long_edges_bracket_mean","zip_log_income_mean_family"
"Florida",0.4254,0.0444570371169952,0.00171426514565659,"fraction_long_edges_bracket_mean","zip_log_income_mean_family"
"Florida",0.496,0.0526652988843281,0.00190012901367953,"fraction_long_edges_bracket_mean","zip_log_income_mean_family"
"Florida",0.6487,0.0580834058145765,0.00252384257378449,"fraction_long_edges_bracket_mean","zip_log_income_mean_family"
"California",0.0917,-0.0847496509575887,0.00167368407023176,"fraction_long_edges_bracket_mean","zip_log_income_mean_family"
"California",0.1534,-0.0437814973111994,0.00160834784644671,"fraction_long_edges_bracket_mean","zip_log_income_mean_family"
"California",0.193,-0.0189926602095269,0.00159656066388202,"fraction_long_edges_bracket_mean","zip_log_income_mean_family"
"California",0.2273,0,0,"fraction_long_edges_bracket_mean","zip_log_income_mean_family"
"California",0.2603,0.016582850391698,0.00156029965349809,"fraction_long_edges_bracket_mean","zip_log_income_mean_family"
"California",0.2934,0.0341094447530281,0.00155953126670075,"fraction_long_edges_bracket_mean","zip_log_income_mean_family"
"California",0.3282,0.0466818593460339,0.00156847093978726,"fraction_long_edges_bracket_mean","zip_log_income_mean_family"
"California",0.3661,0.0639080860557346,0.00159525398915494,"fraction_long_edges_bracket_mean","zip_log_income_mean_family"
"California",0.4096,0.0783015027511968,0.00166596130511695,"fraction_long_edges_bracket_mean","zip_log_income_mean_family"
"California",0.4618,0.0950879986120334,0.00179335409052203,"fraction_long_edges_bracket_mean","zip_log_income_mean_family"
"California",0.5348,0.112599390361851,0.00211016918275995,"fraction_long_edges_bracket_mean","zip_log_income_mean_family"
"California",0.6877,0.133055477342179,0.00302067480147011,"fraction_long_edges_bracket_mean","zip_log_income_mean_family"
"New York",0.0614,-0.046025650277528,0.00239245711286304,"fraction_long_edges_bracket_mean","zip_log_income_mean_family"
"New York",0.1075,-0.0251250967122676,0.00231279044462619,"fraction_long_edges_bracket_mean","zip_log_income_mean_family"
"New York",0.14,-0.00723738265816287,0.00215592853820547,"fraction_long_edges_bracket_mean","zip_log_income_mean_family"
"New York",0.1702,0,0,"fraction_long_edges_bracket_mean","zip_log_income_mean_family"
"New York",0.1991,0.0111098226635757,0.00214276850511832,"fraction_long_edges_bracket_mean","zip_log_income_mean_family"
"New York",0.2295,0.0226844862882292,0.00210587324355249,"fraction_long_edges_bracket_mean","zip_log_income_mean_family"
"New York",0.2621,0.0345227399415151,0.00216733877653531,"fraction_long_edges_bracket_mean","zip_log_income_mean_family"
"New York",0.2988,0.0455970390084719,0.00221521525923562,"fraction_long_edges_bracket_mean","zip_log_income_mean_family"
"New York",0.3421,0.0617890524659614,0.00238260594797281,"fraction_long_edges_bracket_mean","zip_log_income_mean_family"
"New York",0.3948,0.0791350622099447,0.00275537632983456,"fraction_long_edges_bracket_mean","zip_log_income_mean_family"
"New York",0.4705,0.101243365887496,0.00351081753444218,"fraction_long_edges_bracket_mean","zip_log_income_mean_family"
"New York",0.6364,0.130360827892824,0.00551542002330155,"fraction_long_edges_bracket_mean","zip_log_income_mean_family"
"Pennsylvania",0.0611,-0.00830763992252414,0.0010323499565911,"fraction_long_edges_bracket_mean","num_countries_visited"
"Pennsylvania",0.1073,-0.00509814014032637,0.00102901832068509,"fraction_long_edges_bracket_mean","num_countries_visited"
"Pennsylvania",0.139,-0.004102345299342,0.000949586749125313,"fraction_long_edges_bracket_mean","num_countries_visited"
"Pennsylvania",0.1673,0,0,"fraction_long_edges_bracket_mean","num_countries_visited"
"Pennsylvania",0.195,0.00289746232249298,0.000999068122305491,"fraction_long_edges_bracket_mean","num_countries_visited"
"Pennsylvania",0.2232,0.00603846421470023,0.0010757083381834,"fraction_long_edges_bracket_mean","num_countries_visited"
"Pennsylvania",0.2533,0.00949016070901911,0.00111363297050911,"fraction_long_edges_bracket_mean","num_countries_visited"
"Pennsylvania",0.2877,0.0124233333092127,0.00115568143776378,"fraction_long_edges_bracket_mean","num_countries_visited"
"Pennsylvania",0.3272,0.0173471644591503,0.00130798041442883,"fraction_long_edges_bracket_mean","num_countries_visited"
"Pennsylvania",0.376,0.024231314133704,0.00154452485815417,"fraction_long_edges_bracket_mean","num_countries_visited"
"Pennsylvania",0.4447,0.0302393108224886,0.00196949785944755,"fraction_long_edges_bracket_mean","num_countries_visited"
"Pennsylvania",0.5998,0.0453747886447958,0.00378567355166224,"fraction_long_edges_bracket_mean","num_countries_visited"
"Illinois",0.0539,-0.00682674849163955,0.00123760237416353,"fraction_long_edges_bracket_mean","num_countries_visited"
"Illinois",0.0983,-0.00581861291799472,0.00110933203332609,"fraction_long_edges_bracket_mean","num_countries_visited"
"Illinois",0.1305,-0.00177130656228441,0.00108078129585591,"fraction_long_edges_bracket_mean","num_countries_visited"
"Illinois",0.1594,0,0,"fraction_long_edges_bracket_mean","num_countries_visited"
"Illinois",0.188,0.00518912601369869,0.00112482289743826,"fraction_long_edges_bracket_mean","num_countries_visited"
"Illinois",0.2176,0.00902154322996938,0.00114283828051265,"fraction_long_edges_bracket_mean","num_countries_visited"
"Illinois",0.2487,0.0123568261434698,0.00122084537462104,"fraction_long_edges_bracket_mean","num_countries_visited"
"Illinois",0.2836,0.0185957682882617,0.00134560455419295,"fraction_long_edges_bracket_mean","num_countries_visited"
"Illinois",0.3241,0.0240056857398334,0.0014687008759445,"fraction_long_edges_bracket_mean","num_countries_visited"
"Illinois",0.3748,0.030479054039994,0.00182305271344907,"fraction_long_edges_bracket_mean","num_countries_visited"
"Illinois",0.4451,0.0450427502596663,0.00248602771543645,"fraction_long_edges_bracket_mean","num_countries_visited"
"Illinois",0.6022,0.0587818029131214,0.00345427345215307,"fraction_long_edges_bracket_mean","num_countries_visited"
"Texas",0.0595,-0.0112585724993909,0.000810954950041821,"fraction_long_edges_bracket_mean","num_countries_visited"
"Texas",0.1094,-0.00647443458376728,0.000778795702901385,"fraction_long_edges_bracket_mean","num_countries_visited"
"Texas",0.144,-0.00449713900687479,0.000739017925361229,"fraction_long_edges_bracket_mean","num_countries_visited"
"Texas",0.1749,0,0,"fraction_long_edges_bracket_mean","num_countries_visited"
"Texas",0.2047,0.00272921787121319,0.000764172150522557,"fraction_long_edges_bracket_mean","num_countries_visited"
"Texas",0.2336,0.006761465757679,0.000812045444744493,"fraction_long_edges_bracket_mean","num_countries_visited"
"Texas",0.2655,0.0103436504836833,0.000804602423172438,"fraction_long_edges_bracket_mean","num_countries_visited"
"Texas",0.3021,0.0144348230204892,0.000880014198831148,"fraction_long_edges_bracket_mean","num_countries_visited"
"Texas",0.343,0.0212452312615051,0.000991388260136802,"fraction_long_edges_bracket_mean","num_countries_visited"
"Texas",0.3943,0.0250461793921923,0.00107197794533876,"fraction_long_edges_bracket_mean","num_countries_visited"
"Texas",0.466,0.0361429370429767,0.00140697223350419,"fraction_long_edges_bracket_mean","num_countries_visited"
"Texas",0.6239,0.0443914672517908,0.00186523790451809,"fraction_long_edges_bracket_mean","num_countries_visited"
"Florida",0.0734,-0.0117850728690639,0.0012272874217202,"fraction_long_edges_bracket_mean","num_countries_visited"
"Florida",0.1321,-0.00697628324870846,0.00109277617201329,"fraction_long_edges_bracket_mean","num_countries_visited"
"Florida",0.17,-0.00253816680514701,0.00111150096096896,"fraction_long_edges_bracket_mean","num_countries_visited"
"Florida",0.2025,0,0,"fraction_long_edges_bracket_mean","num_countries_visited"
"Florida",0.2328,0.00407182308631633,0.00113247191682186,"fraction_long_edges_bracket_mean","num_countries_visited"
"Florida",0.2639,0.00664030037158615,0.00110617652589174,"fraction_long_edges_bracket_mean","num_countries_visited"
"Florida",0.2972,0.0113825762147014,0.00119464721233093,"fraction_long_edges_bracket_mean","num_countries_visited"
"Florida",0.3334,0.0133317069346735,0.00122454120031096,"fraction_long_edges_bracket_mean","num_countries_visited"
"Florida",0.3744,0.0212213510576288,0.00139987506244962,"fraction_long_edges_bracket_mean","num_countries_visited"
"Florida",0.4254,0.0258283192348254,0.00165682941562115,"fraction_long_edges_bracket_mean","num_countries_visited"
"Florida",0.496,0.0357773362923861,0.00178156835466043,"fraction_long_edges_bracket_mean","num_countries_visited"
"Florida",0.6487,0.0474048923900132,0.00298085494424328,"fraction_long_edges_bracket_mean","num_countries_visited"
"California",0.0917,-0.0210964683314804,0.00119495978311251,"fraction_long_edges_bracket_mean","num_countries_visited"
"California",0.1534,-0.0125400942758368,0.00121959048059936,"fraction_long_edges_bracket_mean","num_countries_visited"
"California",0.193,-0.00756337710759791,0.00123110460549003,"fraction_long_edges_bracket_mean","num_countries_visited"
"California",0.2273,0,0,"fraction_long_edges_bracket_mean","num_countries_visited"
"California",0.2603,0.00585496712151884,0.00127993806220933,"fraction_long_edges_bracket_mean","num_countries_visited"
"California",0.2934,0.0152297987004724,0.00134039015752679,"fraction_long_edges_bracket_mean","num_countries_visited"
"California",0.3282,0.0233222905325831,0.00140418421766073,"fraction_long_edges_bracket_mean","num_countries_visited"
"California",0.3661,0.0314779256740968,0.00146599901221597,"fraction_long_edges_bracket_mean","num_countries_visited"
"California",0.4096,0.0439276500976227,0.00167240735792978,"fraction_long_edges_bracket_mean","num_countries_visited"
"California",0.4618,0.0553004472332296,0.00187444075802702,"fraction_long_edges_bracket_mean","num_countries_visited"
"California",0.5348,0.0815049527859144,0.00256668792562782,"fraction_long_edges_bracket_mean","num_countries_visited"
"California",0.6877,0.115265961421968,0.00428660807452663,"fraction_long_edges_bracket_mean","num_countries_visited"
"New York",0.0614,-0.00941493560655222,0.00127484049806095,"fraction_long_edges_bracket_mean","num_countries_visited"
"New York",0.1075,-0.00690610408197762,0.00127768327265791,"fraction_long_edges_bracket_mean","num_countries_visited"
"New York",0.14,-0.00363402722921388,0.00122105367472184,"fraction_long_edges_bracket_mean","num_countries_visited"
"New York",0.1702,0,0,"fraction_long_edges_bracket_mean","num_countries_visited"
"New York",0.1991,0.00406784306521155,0.00122600344624612,"fraction_long_edges_bracket_mean","num_countries_visited"
"New York",0.2295,0.0114797654403766,0.00127514442290524,"fraction_long_edges_bracket_mean","num_countries_visited"
"New York",0.2621,0.0203371011667711,0.00141353738782754,"fraction_long_edges_bracket_mean","num_countries_visited"
"New York",0.2988,0.0295977965646266,0.00153108192971951,"fraction_long_edges_bracket_mean","num_countries_visited"
"New York",0.3421,0.0393880354211058,0.00183357017613996,"fraction_long_edges_bracket_mean","num_countries_visited"
"New York",0.3948,0.0574778728443553,0.00244249079275025,"fraction_long_edges_bracket_mean","num_countries_visited"
"New York",0.4705,0.0853654629466727,0.0049146732227752,"fraction_long_edges_bracket_mean","num_countries_visited"
"New York",0.6364,0.117191125097415,0.00610222660690024,"fraction_long_edges_bracket_mean","num_countries_visited"
"Pennsylvania",0.0611,-19.1247717964826,1.92683342715854,"fraction_long_edges_bracket_mean","phone_price"
"Pennsylvania",0.1073,-10.229737084724,1.79601274699039,"fraction_long_edges_bracket_mean","phone_price"
"Pennsylvania",0.139,-3.52094222944697,1.67885666756624,"fraction_long_edges_bracket_mean","phone_price"
"Pennsylvania",0.1673,0,0,"fraction_long_edges_bracket_mean","phone_price"
"Pennsylvania",0.195,4.7236560042677,1.57527022191035,"fraction_long_edges_bracket_mean","phone_price"
"Pennsylvania",0.2232,9.56292224871117,1.6029888725296,"fraction_long_edges_bracket_mean","phone_price"
"Pennsylvania",0.2533,8.79810679067123,1.56023833940348,"fraction_long_edges_bracket_mean","phone_price"
"Pennsylvania",0.2877,14.5122935251904,1.58947595937863,"fraction_long_edges_bracket_mean","phone_price"
"Pennsylvania",0.3272,16.3823979822655,1.65204942751152,"fraction_long_edges_bracket_mean","phone_price"
"Pennsylvania",0.376,21.6699840136048,1.78839902534526,"fraction_long_edges_bracket_mean","phone_price"
"Pennsylvania",0.4447,23.0078329030342,2.04187711484995,"fraction_long_edges_bracket_mean","phone_price"
"Pennsylvania",0.5998,25.4728943980555,2.88949326552089,"fraction_long_edges_bracket_mean","phone_price"
"Illinois",0.0539,-14.5189701378478,2.00308298808323,"fraction_long_edges_bracket_mean","phone_price"
"Illinois",0.0983,-7.45434734297942,1.81771211047072,"fraction_long_edges_bracket_mean","phone_price"
"Illinois",0.1305,-2.63080104438859,1.70234166460837,"fraction_long_edges_bracket_mean","phone_price"
"Illinois",0.1594,0,0,"fraction_long_edges_bracket_mean","phone_price"
"Illinois",0.188,4.07716549861095,1.59255363283161,"fraction_long_edges_bracket_mean","phone_price"
"Illinois",0.2176,6.3430644599465,1.60813396603294,"fraction_long_edges_bracket_mean","phone_price"
"Illinois",0.2487,10.8704272021486,1.60483993795351,"fraction_long_edges_bracket_mean","phone_price"
"Illinois",0.2836,13.3444480883868,1.64609710798374,"fraction_long_edges_bracket_mean","phone_price"
"Illinois",0.3241,17.0756925047017,1.70074932119081,"fraction_long_edges_bracket_mean","phone_price"
"Illinois",0.3748,18.4755579069981,1.86235707387301,"fraction_long_edges_bracket_mean","phone_price"
"Illinois",0.4451,21.8456225117543,2.14019187839917,"fraction_long_edges_bracket_mean","phone_price"
"Illinois",0.6022,20.169710557764,2.98310570538712,"fraction_long_edges_bracket_mean","phone_price"
"Texas",0.0595,-19.9285155755216,1.2991775966548,"fraction_long_edges_bracket_mean","phone_price"
"Texas",0.1094,-11.3981358193315,1.19786269942057,"fraction_long_edges_bracket_mean","phone_price"
"Texas",0.144,-4.67547826562873,1.1326966327897,"fraction_long_edges_bracket_mean","phone_price"
"Texas",0.1749,0,0,"fraction_long_edges_bracket_mean","phone_price"
"Texas",0.2047,2.66091245677148,1.06748061782318,"fraction_long_edges_bracket_mean","phone_price"
"Texas",0.2336,8.0307508594484,1.0976812918223,"fraction_long_edges_bracket_mean","phone_price"
"Texas",0.2655,10.0653825484555,1.04809331842817,"fraction_long_edges_bracket_mean","phone_price"
"Texas",0.3021,12.4262691235929,1.08353046520218,"fraction_long_edges_bracket_mean","phone_price"
"Texas",0.343,15.3687377885379,1.10904473151466,"fraction_long_edges_bracket_mean","phone_price"
"Texas",0.3943,17.6195483566368,1.16907082851937,"fraction_long_edges_bracket_mean","phone_price"
"Texas",0.466,19.6645166964123,1.3539704200861,"fraction_long_edges_bracket_mean","phone_price"
"Texas",0.6239,16.297505822567,1.83506683738357,"fraction_long_edges_bracket_mean","phone_price"
"Florida",0.0734,-13.870742528543,1.6307351303161,"fraction_long_edges_bracket_mean","phone_price"
"Florida",0.1321,-7.123087169565,1.45922054522736,"fraction_long_edges_bracket_mean","phone_price"
"Florida",0.17,-1.67018789268809,1.41868753548941,"fraction_long_edges_bracket_mean","phone_price"
"Florida",0.2025,0,0,"fraction_long_edges_bracket_mean","phone_price"
"Florida",0.2328,3.1883649600419,1.38407250342676,"fraction_long_edges_bracket_mean","phone_price"
"Florida",0.2639,8.01092345039933,1.33550605456166,"fraction_long_edges_bracket_mean","phone_price"
"Florida",0.2972,10.2421294709186,1.35099994222163,"fraction_long_edges_bracket_mean","phone_price"
"Florida",0.3334,10.212500963064,1.37687837670232,"fraction_long_edges_bracket_mean","phone_price"
"Florida",0.3744,14.4157192745627,1.40497301462342,"fraction_long_edges_bracket_mean","phone_price"
"Florida",0.4254,15.0462571464187,1.50756005517992,"fraction_long_edges_bracket_mean","phone_price"
"Florida",0.496,18.0649369075219,1.61350606695271,"fraction_long_edges_bracket_mean","phone_price"
"Florida",0.6487,16.8210868559997,2.17659597347024,"fraction_long_edges_bracket_mean","phone_price"
"California",0.0917,-14.6958786959804,1.27999919318503,"fraction_long_edges_bracket_mean","phone_price"
"California",0.1534,-7.94435687453949,1.20875464675952,"fraction_long_edges_bracket_mean","phone_price"
"California",0.193,-2.91973851875139,1.18466463283539,"fraction_long_edges_bracket_mean","phone_price"
"California",0.2273,0,0,"fraction_long_edges_bracket_mean","phone_price"
"California",0.2603,3.32997366318148,1.13484679714784,"fraction_long_edges_bracket_mean","phone_price"
"California",0.2934,6.37073318713749,1.12544590951047,"fraction_long_edges_bracket_mean","phone_price"
"California",0.3282,9.20579935164335,1.12019015368325,"fraction_long_edges_bracket_mean","phone_price"
"California",0.3661,13.6552327078945,1.1250359705619,"fraction_long_edges_bracket_mean","phone_price"
"California",0.4096,15.0276282891136,1.15401950011732,"fraction_long_edges_bracket_mean","phone_price"
"California",0.4618,17.0461907700557,1.22328752365111,"fraction_long_edges_bracket_mean","phone_price"
"California",0.5348,22.2707679421535,1.41138772147739,"fraction_long_edges_bracket_mean","phone_price"
"California",0.6877,23.2598436279916,1.90012494138961,"fraction_long_edges_bracket_mean","phone_price"
"New York",0.0614,-16.3556789269156,1.80943323521992,"fraction_long_edges_bracket_mean","phone_price"
"New York",0.1075,-8.86528700218048,1.71875269478201,"fraction_long_edges_bracket_mean","phone_price"
"New York",0.14,-5.10270819327775,1.58314730071552,"fraction_long_edges_bracket_mean","phone_price"
"New York",0.1702,0,0,"fraction_long_edges_bracket_mean","phone_price"
"New York",0.1991,4.27666185516057,1.52650592263002,"fraction_long_edges_bracket_mean","phone_price"
"New York",0.2295,7.2011240804178,1.48754129007315,"fraction_long_edges_bracket_mean","phone_price"
"New York",0.2621,10.6981970708511,1.50360963149782,"fraction_long_edges_bracket_mean","phone_price"
"New York",0.2988,15.2873036842067,1.50237075707775,"fraction_long_edges_bracket_mean","phone_price"
"New York",0.3421,19.5855527085822,1.56277958181651,"fraction_long_edges_bracket_mean","phone_price"
"New York",0.3948,24.5378716763024,1.72323221888129,"fraction_long_edges_bracket_mean","phone_price"
"New York",0.4705,31.871160249747,2.06562663151224,"fraction_long_edges_bracket_mean","phone_price"
"New York",0.6364,32.656220239061,3.23504785394024,"fraction_long_edges_bracket_mean","phone_price"
"Pennsylvania",0.0255,-0.0332671671441922,0.00263557179303682,"weighted_long_edges_bracket_mean","zip_log_income_median_family"
"Pennsylvania",0.0526,-0.0138734820535404,0.00209541904465869,"weighted_long_edges_bracket_mean","zip_log_income_median_family"
"Pennsylvania",0.0744,-0.00401616954340334,0.00194436613728244,"weighted_long_edges_bracket_mean","zip_log_income_median_family"
"Pennsylvania",0.0956,0,0,"weighted_long_edges_bracket_mean","zip_log_income_median_family"
"Pennsylvania",0.1181,0.00608494951213423,0.00167026296113012,"weighted_long_edges_bracket_mean","zip_log_income_median_family"
"Pennsylvania",0.1426,0.00824346924697927,0.00161549262615226,"weighted_long_edges_bracket_mean","zip_log_income_median_family"
"Pennsylvania",0.1703,0.0104212723814392,0.00163980367330053,"weighted_long_edges_bracket_mean","zip_log_income_median_family"
"Pennsylvania",0.2029,0.0147193081374013,0.00175889434207561,"weighted_long_edges_bracket_mean","zip_log_income_median_family"
"Pennsylvania",0.2432,0.0144337776309253,0.0020011959232411,"weighted_long_edges_bracket_mean","zip_log_income_median_family"
"Pennsylvania",0.2968,0.0142323503358526,0.00237234772560633,"weighted_long_edges_bracket_mean","zip_log_income_median_family"
"Pennsylvania",0.3776,0.0155891207013799,0.00259490941807599,"weighted_long_edges_bracket_mean","zip_log_income_median_family"
"Pennsylvania",0.5687,0.00564987283089557,0.00354740071477117,"weighted_long_edges_bracket_mean","zip_log_income_median_family"
"Illinois",0.0228,-0.0622006425992669,0.00479094037954194,"weighted_long_edges_bracket_mean","zip_log_income_median_family"
"Illinois",0.0486,-0.037663572208972,0.00392196933932024,"weighted_long_edges_bracket_mean","zip_log_income_median_family"
"Illinois",0.0699,-0.0116915905873665,0.00368768509180463,"weighted_long_edges_bracket_mean","zip_log_income_median_family"
"Illinois",0.0911,0,0,"weighted_long_edges_bracket_mean","zip_log_income_median_family"
"Illinois",0.1135,0.0143330923670959,0.00303005718747854,"weighted_long_edges_bracket_mean","zip_log_income_median_family"
"Illinois",0.1383,0.0255859174933217,0.00297184539616028,"weighted_long_edges_bracket_mean","zip_log_income_median_family"
"Illinois",0.1663,0.0334542808319007,0.00297549563948824,"weighted_long_edges_bracket_mean","zip_log_income_median_family"
"Illinois",0.1993,0.0413364339428881,0.00319207737709379,"weighted_long_edges_bracket_mean","zip_log_income_median_family"
"Illinois",0.2405,0.0399182623499357,0.00377095254280407,"weighted_long_edges_bracket_mean","zip_log_income_median_family"
"Illinois",0.295,0.0539254013880175,0.00448863412026387,"weighted_long_edges_bracket_mean","zip_log_income_median_family"
"Illinois",0.3773,0.0535976249419701,0.00516744708645119,"weighted_long_edges_bracket_mean","zip_log_income_median_family"
"Illinois",0.5707,0.050628118852174,0.00871103124689331,"weighted_long_edges_bracket_mean","zip_log_income_median_family"
"Texas",0.0251,-0.0906067392661054,0.00394434077665703,"weighted_long_edges_bracket_mean","zip_log_income_median_family"
"Texas",0.0538,-0.046311120931195,0.00330023966495479,"weighted_long_edges_bracket_mean","zip_log_income_median_family"
"Texas",0.077,-0.0194035354811071,0.0033726532455992,"weighted_long_edges_bracket_mean","zip_log_income_median_family"
"Texas",0.0999,0,0,"weighted_long_edges_bracket_mean","zip_log_income_median_family"
"Texas",0.1237,0.0146610346662985,0.00241782466920486,"weighted_long_edges_bracket_mean","zip_log_income_median_family"
"Texas",0.1495,0.0231252049169104,0.00231187643611479,"weighted_long_edges_bracket_mean","zip_log_income_median_family"
"Texas",0.1787,0.0304756216155901,0.00236921674382222,"weighted_long_edges_bracket_mean","zip_log_income_median_family"
"Texas",0.2131,0.0347607872396942,0.00256600171128603,"weighted_long_edges_bracket_mean","zip_log_income_median_family"
"Texas",0.2552,0.0396579609719225,0.00319423384165374,"weighted_long_edges_bracket_mean","zip_log_income_median_family"
"Texas",0.3107,0.0398597533974936,0.00374761864653429,"weighted_long_edges_bracket_mean","zip_log_income_median_family"
"Texas",0.3942,0.0353853157035875,0.00508061572923783,"weighted_long_edges_bracket_mean","zip_log_income_median_family"
"Texas",0.5882,0.016616209827724,0.00613410902465748,"weighted_long_edges_bracket_mean","zip_log_income_median_family"
"Florida",0.0321,-0.0434661153150344,0.00324472794379129,"weighted_long_edges_bracket_mean","zip_log_income_median_family"
"Florida",0.0666,-0.0167747551460842,0.00284797194762881,"weighted_long_edges_bracket_mean","zip_log_income_median_family"
"Florida",0.0935,-0.00886011556339916,0.00279899252601258,"weighted_long_edges_bracket_mean","zip_log_income_median_family"
"Florida",0.1189,0,0,"weighted_long_edges_bracket_mean","zip_log_income_median_family"
"Florida",0.145,0.00847884809840949,0.00240157248254936,"weighted_long_edges_bracket_mean","zip_log_income_median_family"
"Florida",0.173,0.015054977353989,0.00229597408754851,"weighted_long_edges_bracket_mean","zip_log_income_median_family"
"Florida",0.2043,0.0179748492999536,0.00233422551388345,"weighted_long_edges_bracket_mean","zip_log_income_median_family"
"Florida",0.2405,0.0197956084333981,0.00237689266515426,"weighted_long_edges_bracket_mean","zip_log_income_median_family"
"Florida",0.2845,0.0228189966027941,0.002666097801866,"weighted_long_edges_bracket_mean","zip_log_income_median_family"
"Florida",0.342,0.0250266813769393,0.00290958434499284,"weighted_long_edges_bracket_mean","zip_log_income_median_family"
"Florida",0.4271,0.0189160319293933,0.00325455236133225,"weighted_long_edges_bracket_mean","zip_log_income_median_family"
"Florida",0.6181,0.012795559355725,0.00431408417591668,"weighted_long_edges_bracket_mean","zip_log_income_median_family"
"California",0.0391,-0.0652937155826958,0.00436337442638177,"weighted_long_edges_bracket_mean","zip_log_income_median_family"
"California",0.0787,-0.035896567701597,0.00356928553278379,"weighted_long_edges_bracket_mean","zip_log_income_median_family"
"California",0.1091,-0.0154754262276029,0.00308533598068835,"weighted_long_edges_bracket_mean","zip_log_income_median_family"
"California",0.138,0,0,"weighted_long_edges_bracket_mean","zip_log_income_median_family"
"California",0.1675,0.00997035717605499,0.0026738739934403,"weighted_long_edges_bracket_mean","zip_log_income_median_family"
"California",0.1989,0.0218231045734871,0.00260193359089494,"weighted_long_edges_bracket_mean","zip_log_income_median_family"
"California",0.234,0.0260374677777033,0.00272247649930242,"weighted_long_edges_bracket_mean","zip_log_income_median_family"
"California",0.2741,0.0314727272697244,0.00274161904560393,"weighted_long_edges_bracket_mean","zip_log_income_median_family"
"California",0.3222,0.0337399518023087,0.00321204269462707,"weighted_long_edges_bracket_mean","zip_log_income_median_family"
"California",0.3838,0.041221469879293,0.00353993324071412,"weighted_long_edges_bracket_mean","zip_log_income_median_family"
"California",0.4721,0.0363318002402337,0.00404804877315744,"weighted_long_edges_bracket_mean","zip_log_income_median_family"
"California",0.6611,0.0281429348100435,0.00528351021881143,"weighted_long_edges_bracket_mean","zip_log_income_median_family"
"New York",0.025,-0.0549628346737911,0.00464242027125102,"weighted_long_edges_bracket_mean","zip_log_income_median_family"
"New York",0.0528,-0.022233906763006,0.00351033757890377,"weighted_long_edges_bracket_mean","zip_log_income_median_family"
"New York",0.0753,-0.00843918552104483,0.00309734910034989,"weighted_long_edges_bracket_mean","zip_log_income_median_family"
"New York",0.0978,0,0,"weighted_long_edges_bracket_mean","zip_log_income_median_family"
"New York",0.1216,0.009507288545759,0.00293564435198377,"weighted_long_edges_bracket_mean","zip_log_income_median_family"
"New York",0.148,0.0126641641944829,0.00290790294249164,"weighted_long_edges_bracket_mean","zip_log_income_median_family"
"New York",0.178,0.0137239884683407,0.00287557999661745,"weighted_long_edges_bracket_mean","zip_log_income_median_family"
"New York",0.2136,0.01885482970326,0.0030193741929565,"weighted_long_edges_bracket_mean","zip_log_income_median_family"
"New York",0.2579,0.0178723879864755,0.0033140569596751,"weighted_long_edges_bracket_mean","zip_log_income_median_family"
"New York",0.3161,0.0218946297705571,0.00385943954740807,"weighted_long_edges_bracket_mean","zip_log_income_median_family"
"New York",0.4039,0.0110416156224957,0.00522210148823778,"weighted_long_edges_bracket_mean","zip_log_income_median_family"
"New York",0.6047,0.0162970868521484,0.00692845703197201,"weighted_long_edges_bracket_mean","zip_log_income_median_family"
"Pennsylvania",0.0255,-0.0525066130651526,0.0161665580679081,"weighted_long_edges_bracket_mean","num_devices"
"Pennsylvania",0.0526,-0.0416848978478033,0.0137988251763763,"weighted_long_edges_bracket_mean","num_devices"
"Pennsylvania",0.0744,-0.0254812938390501,0.0116903814438979,"weighted_long_edges_bracket_mean","num_devices"
"Pennsylvania",0.0956,0,0,"weighted_long_edges_bracket_mean","num_devices"
"Pennsylvania",0.1181,0.0170636248286153,0.0106138895784458,"weighted_long_edges_bracket_mean","num_devices"
"Pennsylvania",0.1426,0.0496777127730916,0.0125842105755184,"weighted_long_edges_bracket_mean","num_devices"
"Pennsylvania",0.1703,0.0486903729036237,0.0107962289757626,"weighted_long_edges_bracket_mean","num_devices"
"Pennsylvania",0.2029,0.0584926866866486,0.0111092298694298,"weighted_long_edges_bracket_mean","num_devices"
"Pennsylvania",0.2432,0.0812693995417124,0.0128828805957786,"weighted_long_edges_bracket_mean","num_devices"
"Pennsylvania",0.2968,0.0787844282167578,0.0162746708844394,"weighted_long_edges_bracket_mean","num_devices"
"Pennsylvania",0.3776,0.0954431879988649,0.0211251905872105,"weighted_long_edges_bracket_mean","num_devices"
"Pennsylvania",0.5687,0.0825661012940451,0.0258917498111121,"weighted_long_edges_bracket_mean","num_devices"
"Illinois",0.0228,-0.0535875593397548,0.0162343804794322,"weighted_long_edges_bracket_mean","num_devices"
"Illinois",0.0486,-0.0349673092607881,0.0131568615853807,"weighted_long_edges_bracket_mean","num_devices"
"Illinois",0.0699,0.00253333669248912,0.012278323103087,"weighted_long_edges_bracket_mean","num_devices"
"Illinois",0.0911,0,0,"weighted_long_edges_bracket_mean","num_devices"
"Illinois",0.1135,0.0219583120109084,0.010378983734799,"weighted_long_edges_bracket_mean","num_devices"
"Illinois",0.1383,0.0385606970250141,0.010562544659035,"weighted_long_edges_bracket_mean","num_devices"
"Illinois",0.1663,0.0380851361403987,0.0102097441570212,"weighted_long_edges_bracket_mean","num_devices"
"Illinois",0.1993,0.0614851636787903,0.0110655839886662,"weighted_long_edges_bracket_mean","num_devices"
"Illinois",0.2405,0.0744480426421363,0.0140566310662552,"weighted_long_edges_bracket_mean","num_devices"
"Illinois",0.295,0.103159797503524,0.0155787829473831,"weighted_long_edges_bracket_mean","num_devices"
"Illinois",0.3773,0.0730900294430343,0.0178866274753755,"weighted_long_edges_bracket_mean","num_devices"
"Illinois",0.5707,0.125896377113614,0.0297342433817801,"weighted_long_edges_bracket_mean","num_devices"
"Texas",0.0251,-0.0755328586150612,0.0130701000364396,"weighted_long_edges_bracket_mean","num_devices"
"Texas",0.0538,-0.0631808299463485,0.0107997261211006,"weighted_long_edges_bracket_mean","num_devices"
"Texas",0.077,-0.0207203879345053,0.00977442745787013,"weighted_long_edges_bracket_mean","num_devices"
"Texas",0.0999,0,0,"weighted_long_edges_bracket_mean","num_devices"
"Texas",0.1237,0.0132031693777312,0.00922661032506624,"weighted_long_edges_bracket_mean","num_devices"
"Texas",0.1495,0.0182574127790773,0.0086439003097605,"weighted_long_edges_bracket_mean","num_devices"
"Texas",0.1787,0.0295298083358579,0.00857486304940147,"weighted_long_edges_bracket_mean","num_devices"
"Texas",0.2131,0.0541066799847201,0.00998518881284861,"weighted_long_edges_bracket_mean","num_devices"
"Texas",0.2552,0.0547403657429899,0.0118879929986673,"weighted_long_edges_bracket_mean","num_devices"
"Texas",0.3107,0.0546593265123563,0.0117364227095854,"weighted_long_edges_bracket_mean","num_devices"
"Texas",0.3942,0.0681722235356839,0.0171524193795493,"weighted_long_edges_bracket_mean","num_devices"
"Texas",0.5882,0.077549785474508,0.0199090012440408,"weighted_long_edges_bracket_mean","num_devices"
"Florida",0.0321,-0.0334173373158686,0.0161677711741921,"weighted_long_edges_bracket_mean","num_devices"
"Florida",0.0666,-0.0250031560662087,0.0124773225527769,"weighted_long_edges_bracket_mean","num_devices"
"Florida",0.0935,-0.0294153048937824,0.0105053608798059,"weighted_long_edges_bracket_mean","num_devices"
"Florida",0.1189,0,0,"weighted_long_edges_bracket_mean","num_devices"
"Florida",0.145,-0.00255520878483839,0.00990394335586074,"weighted_long_edges_bracket_mean","num_devices"
"Florida",0.173,0.00954365569609861,0.00930211638450339,"weighted_long_edges_bracket_mean","num_devices"
"Florida",0.2043,0.0147092345860971,0.00917205383595022,"weighted_long_edges_bracket_mean","num_devices"
"Florida",0.2405,0.0270525061573177,0.0110482963107192,"weighted_long_edges_bracket_mean","num_devices"
"Florida",0.2845,0.0381497181575812,0.0103638597623399,"weighted_long_edges_bracket_mean","num_devices"
"Florida",0.342,0.075068060436462,0.0127660323924319,"weighted_long_edges_bracket_mean","num_devices"
"Florida",0.4271,0.0621459399777251,0.0157868063286466,"weighted_long_edges_bracket_mean","num_devices"
"Florida",0.6181,0.0783117632268389,0.0182781776621983,"weighted_long_edges_bracket_mean","num_devices"
"California",0.0391,-0.0398772352586314,0.0227112813284176,"weighted_long_edges_bracket_mean","num_devices"
"California",0.0787,-0.0290877008838555,0.0117980205691135,"weighted_long_edges_bracket_mean","num_devices"
"California",0.1091,-0.0178491436270569,0.00983312996361971,"weighted_long_edges_bracket_mean","num_devices"
"California",0.138,0,0,"weighted_long_edges_bracket_mean","num_devices"
"California",0.1675,0.00698669920632922,0.00830399833153942,"weighted_long_edges_bracket_mean","num_devices"
"California",0.1989,0.030859840418898,0.00821548556046263,"weighted_long_edges_bracket_mean","num_devices"
"California",0.234,0.0322346081323328,0.00817846579610379,"weighted_long_edges_bracket_mean","num_devices"
"California",0.2741,0.0511188902576336,0.008851842850017,"weighted_long_edges_bracket_mean","num_devices"
"California",0.3222,0.0770630448019896,0.00927941922883238,"weighted_long_edges_bracket_mean","num_devices"
"California",0.3838,0.103370356876416,0.0121024348339372,"weighted_long_edges_bracket_mean","num_devices"
"California",0.4721,0.102331664072052,0.0121202625716937,"weighted_long_edges_bracket_mean","num_devices"
"California",0.6611,0.0854672489602959,0.0166796361046969,"weighted_long_edges_bracket_mean","num_devices"
"New York",0.025,-0.0480510974818946,0.0200842836244942,"weighted_long_edges_bracket_mean","num_devices"
"New York",0.0528,-0.0264709152431024,0.013703000704326,"weighted_long_edges_bracket_mean","num_devices"
"New York",0.0753,-0.00742427769855603,0.0115530672257429,"weighted_long_edges_bracket_mean","num_devices"
"New York",0.0978,0,0,"weighted_long_edges_bracket_mean","num_devices"
"New York",0.1216,0.013419720429618,0.0101026203861761,"weighted_long_edges_bracket_mean","num_devices"
"New York",0.148,0.0261547364367178,0.0100569391206444,"weighted_long_edges_bracket_mean","num_devices"
"New York",0.178,0.0445007976583258,0.0103111569660656,"weighted_long_edges_bracket_mean","num_devices"
"New York",0.2136,0.0456109204619453,0.0105462293368209,"weighted_long_edges_bracket_mean","num_devices"
"New York",0.2579,0.0656798510654335,0.0136234471593367,"weighted_long_edges_bracket_mean","num_devices"
"New York",0.3161,0.0808167690981376,0.0133357052119225,"weighted_long_edges_bracket_mean","num_devices"
"New York",0.4039,0.0850576680234902,0.0174856374270231,"weighted_long_edges_bracket_mean","num_devices"
"New York",0.6047,0.113285014367872,0.0236440907269265,"weighted_long_edges_bracket_mean","num_devices"
"Pennsylvania",0.0255,-0.250268241757163,0.0522176506438158,"weighted_long_edges_bracket_mean","num_donations"
"Pennsylvania",0.0526,-0.167005327928007,0.0517844332609471,"weighted_long_edges_bracket_mean","num_donations"
"Pennsylvania",0.0744,-0.0981519291413083,0.051751833745381,"weighted_long_edges_bracket_mean","num_donations"
"Pennsylvania",0.0956,0,0,"weighted_long_edges_bracket_mean","num_donations"
"Pennsylvania",0.1181,0.00087531867811852,0.0525252042203538,"weighted_long_edges_bracket_mean","num_donations"
"Pennsylvania",0.1426,0.0450577194233006,0.0525982728822778,"weighted_long_edges_bracket_mean","num_donations"
"Pennsylvania",0.1703,0.0198003891222489,0.0518831789006144,"weighted_long_edges_bracket_mean","num_donations"
"Pennsylvania",0.2029,0.0581004888827064,0.0539182970821127,"weighted_long_edges_bracket_mean","num_donations"
"Pennsylvania",0.2432,0.025468482680485,0.0540784396649001,"weighted_long_edges_bracket_mean","num_donations"
"Pennsylvania",0.2968,0.0898571931950866,0.0590807108238804,"weighted_long_edges_bracket_mean","num_donations"
"Pennsylvania",0.3776,0.143086202997999,0.0806296923398899,"weighted_long_edges_bracket_mean","num_donations"
"Pennsylvania",0.5687,-0.0651020287622366,0.063656079891093,"weighted_long_edges_bracket_mean","num_donations"
"Illinois",0.0228,-0.152669113454591,0.0289405611382579,"weighted_long_edges_bracket_mean","num_donations"
"Illinois",0.0486,-0.109047628057128,0.0196557923393079,"weighted_long_edges_bracket_mean","num_donations"
"Illinois",0.0699,-0.041186048731754,0.0195062905287218,"weighted_long_edges_bracket_mean","num_donations"
"Illinois",0.0911,0,0,"weighted_long_edges_bracket_mean","num_donations"
"Illinois",0.1135,-0.00156145067555491,0.0178068707291122,"weighted_long_edges_bracket_mean","num_donations"
"Illinois",0.1383,0.063386498967271,0.0191181759847931,"weighted_long_edges_bracket_mean","num_donations"
"Illinois",0.1663,0.0519469452722585,0.0193366780715527,"weighted_long_edges_bracket_mean","num_donations"
"Illinois",0.1993,0.127761735569807,0.0287021911806463,"weighted_long_edges_bracket_mean","num_donations"
"Illinois",0.2405,0.113771463015981,0.0241991757434039,"weighted_long_edges_bracket_mean","num_donations"
"Illinois",0.295,0.154258110407175,0.0449054217282941,"weighted_long_edges_bracket_mean","num_donations"
"Illinois",0.3773,0.102307483066163,0.0288234490075258,"weighted_long_edges_bracket_mean","num_donations"
"Illinois",0.5707,0.0188127018602877,0.0358194016528225,"weighted_long_edges_bracket_mean","num_donations"
"Texas",0.0251,-0.199018594269733,0.0138857104212949,"weighted_long_edges_bracket_mean","num_donations"
"Texas",0.0538,-0.0772123320131308,0.017319330761119,"weighted_long_edges_bracket_mean","num_donations"
"Texas",0.077,-0.0350821450202669,0.0121019272506211,"weighted_long_edges_bracket_mean","num_donations"
"Texas",0.0999,0,0,"weighted_long_edges_bracket_mean","num_donations"
"Texas",0.1237,0.0355736222196839,0.011248484340021,"weighted_long_edges_bracket_mean","num_donations"
"Texas",0.1495,0.0631568874136887,0.0121243776032777,"weighted_long_edges_bracket_mean","num_donations"
"Texas",0.1787,0.0615672806320585,0.0113723785591122,"weighted_long_edges_bracket_mean","num_donations"
"Texas",0.2131,0.0889233698559478,0.0129343688953743,"weighted_long_edges_bracket_mean","num_donations"
"Texas",0.2552,0.0822585616416693,0.0131089953340973,"weighted_long_edges_bracket_mean","num_donations"
"Texas",0.3107,0.0751041498147957,0.0167836108014474,"weighted_long_edges_bracket_mean","num_donations"
"Texas",0.3942,0.0469374731213494,0.0206801896968512,"weighted_long_edges_bracket_mean","num_donations"
"Texas",0.5882,-0.0203750628457082,0.0241007549352998,"weighted_long_edges_bracket_mean","num_donations"
"Florida",0.0321,-0.175602003126548,0.025998975381826,"weighted_long_edges_bracket_mean","num_donations"
"Florida",0.0666,-0.105041810482933,0.019756734278396,"weighted_long_edges_bracket_mean","num_donations"
"Florida",0.0935,-0.0374710324338912,0.0186458360589254,"weighted_long_edges_bracket_mean","num_donations"
"Florida",0.1189,0,0,"weighted_long_edges_bracket_mean","num_donations"
"Florida",0.145,0.0145240485569732,0.0187049790994151,"weighted_long_edges_bracket_mean","num_donations"
"Florida",0.173,0.0363578897257891,0.0223299960217987,"weighted_long_edges_bracket_mean","num_donations"
"Florida",0.2043,0.0306456971010631,0.0183402396105858,"weighted_long_edges_bracket_mean","num_donations"
"Florida",0.2405,0.030331325946484,0.0184773296969892,"weighted_long_edges_bracket_mean","num_donations"
"Florida",0.2845,0.0311353085691278,0.0206031013617558,"weighted_long_edges_bracket_mean","num_donations"
"Florida",0.342,0.0370991983527663,0.0249079553381911,"weighted_long_edges_bracket_mean","num_donations"
"Florida",0.4271,-0.0487897258605914,0.0254415244763574,"weighted_long_edges_bracket_mean","num_donations"
"Florida",0.6181,0.0155637772077203,0.0849727634204242,"weighted_long_edges_bracket_mean","num_donations"
"California",0.0391,-0.166580671684985,0.0246739496003399,"weighted_long_edges_bracket_mean","num_donations"
"California",0.0787,-0.0711233077375276,0.0174263242761891,"weighted_long_edges_bracket_mean","num_donations"
"California",0.1091,-0.0272893221285481,0.017630924436613,"weighted_long_edges_bracket_mean","num_donations"
"California",0.138,0,0,"weighted_long_edges_bracket_mean","num_donations"
"California",0.1675,0.0538794977647387,0.0161408014444144,"weighted_long_edges_bracket_mean","num_donations"
"California",0.1989,0.0758436726550955,0.0156773530298103,"weighted_long_edges_bracket_mean","num_donations"
"California",0.234,0.10354884504923,0.0178777536232626,"weighted_long_edges_bracket_mean","num_donations"
"California",0.2741,0.0702970985396658,0.0164375272555986,"weighted_long_edges_bracket_mean","num_donations"
"California",0.3222,0.0729723569124112,0.0232069012409995,"weighted_long_edges_bracket_mean","num_donations"
"California",0.3838,0.132606659427397,0.0460514384121687,"weighted_long_edges_bracket_mean","num_donations"
"California",0.4721,0.021558441781065,0.0247039113717589,"weighted_long_edges_bracket_mean","num_donations"
"California",0.6611,-0.0330439420888764,0.0361309450240134,"weighted_long_edges_bracket_mean","num_donations"
"New York",0.025,-0.222984120000153,0.0260510956912784,"weighted_long_edges_bracket_mean","num_donations"
"New York",0.0528,-0.12818235516488,0.0201399375141437,"weighted_long_edges_bracket_mean","num_donations"
"New York",0.0753,-0.043110202399727,0.0197304543589586,"weighted_long_edges_bracket_mean","num_donations"
"New York",0.0978,0,0,"weighted_long_edges_bracket_mean","num_donations"
"New York",0.1216,0.0320278457757772,0.0177838987131719,"weighted_long_edges_bracket_mean","num_donations"
"New York",0.148,0.0755675326538406,0.0177155629431683,"weighted_long_edges_bracket_mean","num_donations"
"New York",0.178,0.1342172831172,0.0226343699922174,"weighted_long_edges_bracket_mean","num_donations"
"New York",0.2136,0.122679178167224,0.0220886515870987,"weighted_long_edges_bracket_mean","num_donations"
"New York",0.2579,0.128695129577907,0.0233741389452999,"weighted_long_edges_bracket_mean","num_donations"
"New York",0.3161,0.087127454010427,0.0279625197140272,"weighted_long_edges_bracket_mean","num_donations"
"New York",0.4039,0.0879964840862499,0.0392030625632565,"weighted_long_edges_bracket_mean","num_donations"
"New York",0.6047,0.00951004068968664,0.0432742994326795,"weighted_long_edges_bracket_mean","num_donations"
"Pennsylvania",0.0255,-0.0540791398954106,0.00342179923845283,"weighted_long_edges_bracket_mean","zip_log_income_mean_family"
"Pennsylvania",0.0526,-0.0264563095471804,0.00297173667741713,"weighted_long_edges_bracket_mean","zip_log_income_mean_family"
"Pennsylvania",0.0744,-0.0117460737508797,0.00288989905268571,"weighted_long_edges_bracket_mean","zip_log_income_mean_family"
"Pennsylvania",0.0956,0,0,"weighted_long_edges_bracket_mean","zip_log_income_mean_family"
"Pennsylvania",0.1181,0.00844591447070542,0.00270866978734481,"weighted_long_edges_bracket_mean","zip_log_income_mean_family"
"Pennsylvania",0.1426,0.0180567015344053,0.00255785948901069,"weighted_long_edges_bracket_mean","zip_log_income_mean_family"
"Pennsylvania",0.1703,0.0231395074860465,0.00253188377526965,"weighted_long_edges_bracket_mean","zip_log_income_mean_family"
"Pennsylvania",0.2029,0.027408180611463,0.00256217063060187,"weighted_long_edges_bracket_mean","zip_log_income_mean_family"
"Pennsylvania",0.2432,0.0314861741371271,0.00277384103602521,"weighted_long_edges_bracket_mean","zip_log_income_mean_family"
"Pennsylvania",0.2968,0.0317775061847954,0.0031054218095855,"weighted_long_edges_bracket_mean","zip_log_income_mean_family"
"Pennsylvania",0.3776,0.0337121744090165,0.00428124452023122,"weighted_long_edges_bracket_mean","zip_log_income_mean_family"
"Pennsylvania",0.5687,0.0171099426581431,0.00631697258955009,"weighted_long_edges_bracket_mean","zip_log_income_mean_family"
"Illinois",0.0228,-0.0570889583705654,0.00451537551994247,"weighted_long_edges_bracket_mean","zip_log_income_mean_family"
"Illinois",0.0486,-0.0358649838106118,0.00391940718885027,"weighted_long_edges_bracket_mean","zip_log_income_mean_family"
"Illinois",0.0699,-0.0128673457337758,0.00342925124870593,"weighted_long_edges_bracket_mean","zip_log_income_mean_family"
"Illinois",0.0911,0,0,"weighted_long_edges_bracket_mean","zip_log_income_mean_family"
"Illinois",0.1135,0.0162771115544587,0.00305507659604146,"weighted_long_edges_bracket_mean","zip_log_income_mean_family"
"Illinois",0.1383,0.0215625213301589,0.00277438735717362,"weighted_long_edges_bracket_mean","zip_log_income_mean_family"
"Illinois",0.1663,0.0327493552709743,0.00282522419149777,"weighted_long_edges_bracket_mean","zip_log_income_mean_family"
"Illinois",0.1993,0.0451055052829119,0.00293360300380282,"weighted_long_edges_bracket_mean","zip_log_income_mean_family"
"Illinois",0.2405,0.0546298723865242,0.00325916747695722,"weighted_long_edges_bracket_mean","zip_log_income_mean_family"
"Illinois",0.295,0.0593093570520065,0.00375867133234768,"weighted_long_edges_bracket_mean","zip_log_income_mean_family"
"Illinois",0.3773,0.0668254181813328,0.0042487554901145,"weighted_long_edges_bracket_mean","zip_log_income_mean_family"
"Illinois",0.5707,0.0717153303683755,0.00619093329429544,"weighted_long_edges_bracket_mean","zip_log_income_mean_family"
"Texas",0.0251,-0.0816924485878889,0.00365712760525666,"weighted_long_edges_bracket_mean","zip_log_income_mean_family"
"Texas",0.0538,-0.0412490958059237,0.0033126079902885,"weighted_long_edges_bracket_mean","zip_log_income_mean_family"
"Texas",0.077,-0.0129415607337577,0.0028485862678669,"weighted_long_edges_bracket_mean","zip_log_income_mean_family"
"Texas",0.0999,0,0,"weighted_long_edges_bracket_mean","zip_log_income_mean_family"
"Texas",0.1237,0.0129309893338601,0.0021124569764285,"weighted_long_edges_bracket_mean","zip_log_income_mean_family"
"Texas",0.1495,0.0261795699188987,0.00202562984615086,"weighted_long_edges_bracket_mean","zip_log_income_mean_family"
"Texas",0.1787,0.0348349705578492,0.00204490249841223,"weighted_long_edges_bracket_mean","zip_log_income_mean_family"
"Texas",0.2131,0.0382208940688571,0.00213188874005282,"weighted_long_edges_bracket_mean","zip_log_income_mean_family"
"Texas",0.2552,0.046379180961738,0.00231717638850646,"weighted_long_edges_bracket_mean","zip_log_income_mean_family"
"Texas",0.3107,0.0500131522421228,0.00277445193737302,"weighted_long_edges_bracket_mean","zip_log_income_mean_family"
"Texas",0.3942,0.0396914040595551,0.00344512830989097,"weighted_long_edges_bracket_mean","zip_log_income_mean_family"
"Texas",0.5882,0.0344542267523344,0.00470126742905368,"weighted_long_edges_bracket_mean","zip_log_income_mean_family"
"Florida",0.0321,-0.0540126002017782,0.00352278187167709,"weighted_long_edges_bracket_mean","zip_log_income_mean_family"
"Florida",0.0666,-0.0262505810716824,0.0028268104268395,"weighted_long_edges_bracket_mean","zip_log_income_mean_family"
"Florida",0.0935,-0.0119360629277665,0.00262573983917421,"weighted_long_edges_bracket_mean","zip_log_income_mean_family"
"Florida",0.1189,0,0,"weighted_long_edges_bracket_mean","zip_log_income_mean_family"
"Florida",0.145,0.00579497448376642,0.00233898969621679,"weighted_long_edges_bracket_mean","zip_log_income_mean_family"
"Florida",0.173,0.0116417555806585,0.00221830133280022,"weighted_long_edges_bracket_mean","zip_log_income_mean_family"
"Florida",0.2043,0.016665977351451,0.00220480649647959,"weighted_long_edges_bracket_mean","zip_log_income_mean_family"
"Florida",0.2405,0.0203313692862839,0.00226963726275208,"weighted_long_edges_bracket_mean","zip_log_income_mean_family"
"Florida",0.2845,0.0262540809584664,0.00241146116256417,"weighted_long_edges_bracket_mean","zip_log_income_mean_family"
"Florida",0.342,0.0301087149674917,0.00248490253932094,"weighted_long_edges_bracket_mean","zip_log_income_mean_family"
"Florida",0.4271,0.0269668489637862,0.00310803147853609,"weighted_long_edges_bracket_mean","zip_log_income_mean_family"
"Florida",0.6181,0.0223075630535092,0.00433052379931432,"weighted_long_edges_bracket_mean","zip_log_income_mean_family"
"California",0.0391,-0.0670521566540376,0.00419306139923782,"weighted_long_edges_bracket_mean","zip_log_income_mean_family"
"California",0.0787,-0.038497826432506,0.00312835999961417,"weighted_long_edges_bracket_mean","zip_log_income_mean_family"
"California",0.1091,-0.0124360912794277,0.00284713827220384,"weighted_long_edges_bracket_mean","zip_log_income_mean_family"
"California",0.138,0,0,"weighted_long_edges_bracket_mean","zip_log_income_mean_family"
"California",0.1675,0.0183120913807819,0.00261930866059001,"weighted_long_edges_bracket_mean","zip_log_income_mean_family"
"California",0.1989,0.0259393784840789,0.00248441672946912,"weighted_long_edges_bracket_mean","zip_log_income_mean_family"
"California",0.234,0.0357902375285715,0.00241672775621264,"weighted_long_edges_bracket_mean","zip_log_income_mean_family"
"California",0.2741,0.0420994225903826,0.0025849312473324,"weighted_long_edges_bracket_mean","zip_log_income_mean_family"
"California",0.3222,0.0442872881655081,0.0031607580927171,"weighted_long_edges_bracket_mean","zip_log_income_mean_family"
"California",0.3838,0.0542938339722827,0.00371985451986803,"weighted_long_edges_bracket_mean","zip_log_income_mean_family"
"California",0.4721,0.0510671332123582,0.00462385680804613,"weighted_long_edges_bracket_mean","zip_log_income_mean_family"
"California",0.6611,0.0378820499915005,0.00524270021250829,"weighted_long_edges_bracket_mean","zip_log_income_mean_family"
"New York",0.025,-0.0524025028717201,0.0045416879565485,"weighted_long_edges_bracket_mean","zip_log_income_mean_family"
"New York",0.0528,-0.0225972520201623,0.00368284495648038,"weighted_long_edges_bracket_mean","zip_log_income_mean_family"
"New York",0.0753,-0.00994972737104582,0.00337743577345489,"weighted_long_edges_bracket_mean","zip_log_income_mean_family"
"New York",0.0978,0,0,"weighted_long_edges_bracket_mean","zip_log_income_mean_family"
"New York",0.1216,0.0127551242866097,0.00305590230534511,"weighted_long_edges_bracket_mean","zip_log_income_mean_family"
"New York",0.148,0.0173708838274678,0.00294635867792714,"weighted_long_edges_bracket_mean","zip_log_income_mean_family"
"New York",0.178,0.0235004510051198,0.00295982867753007,"weighted_long_edges_bracket_mean","zip_log_income_mean_family"
"New York",0.2136,0.0327601595354814,0.0031054136725069,"weighted_long_edges_bracket_mean","zip_log_income_mean_family"
"New York",0.2579,0.0355601926028353,0.00335665584123415,"weighted_long_edges_bracket_mean","zip_log_income_mean_family"
"New York",0.3161,0.0426053024711361,0.00378239743169237,"weighted_long_edges_bracket_mean","zip_log_income_mean_family"
"New York",0.4039,0.0360698919975579,0.00490658313155054,"weighted_long_edges_bracket_mean","zip_log_income_mean_family"
"New York",0.6047,0.0432891793562415,0.00633937940470296,"weighted_long_edges_bracket_mean","zip_log_income_mean_family"
"Pennsylvania",0.0255,-0.00715828138286563,0.00211843256299228,"weighted_long_edges_bracket_mean","num_countries_visited"
"Pennsylvania",0.0526,-0.0049177679829216,0.00159016709363326,"weighted_long_edges_bracket_mean","num_countries_visited"
"Pennsylvania",0.0744,-0.00364717927119846,0.00146428416411906,"weighted_long_edges_bracket_mean","num_countries_visited"
"Pennsylvania",0.0956,0,0,"weighted_long_edges_bracket_mean","num_countries_visited"
"Pennsylvania",0.1181,0.00318578440307258,0.00146617036477025,"weighted_long_edges_bracket_mean","num_countries_visited"
"Pennsylvania",0.1426,0.00597551983008753,0.00164189112153341,"weighted_long_edges_bracket_mean","num_countries_visited"
"Pennsylvania",0.1703,0.0067770133808096,0.00142189728259795,"weighted_long_edges_bracket_mean","num_countries_visited"
"Pennsylvania",0.2029,0.00883511874787069,0.00142768442300927,"weighted_long_edges_bracket_mean","num_countries_visited"
"Pennsylvania",0.2432,0.0125772027424162,0.00159272151022917,"weighted_long_edges_bracket_mean","num_countries_visited"
"Pennsylvania",0.2968,0.0146254866114949,0.00154853461857112,"weighted_long_edges_bracket_mean","num_countries_visited"
"Pennsylvania",0.3776,0.0172965430084476,0.00205106651933426,"weighted_long_edges_bracket_mean","num_countries_visited"
"Pennsylvania",0.5687,0.00993936935744513,0.00209860765117891,"weighted_long_edges_bracket_mean","num_countries_visited"
"Illinois",0.0228,-0.011182435063032,0.00212348295332801,"weighted_long_edges_bracket_mean","num_countries_visited"
"Illinois",0.0486,-0.00498417980234105,0.00227804847900107,"weighted_long_edges_bracket_mean","num_countries_visited"
"Illinois",0.0699,-0.00464034863049847,0.00183831230208821,"weighted_long_edges_bracket_mean","num_countries_visited"
"Illinois",0.0911,0,0,"weighted_long_edges_bracket_mean","num_countries_visited"
"Illinois",0.1135,0.00543048821556273,0.00299089177552392,"weighted_long_edges_bracket_mean","num_countries_visited"
"Illinois",0.1383,0.00605979692159308,0.00194237422500088,"weighted_long_edges_bracket_mean","num_countries_visited"
"Illinois",0.1663,0.00685126491071847,0.00187061564741679,"weighted_long_edges_bracket_mean","num_countries_visited"
"Illinois",0.1993,0.0141329328968804,0.00212933775475243,"weighted_long_edges_bracket_mean","num_countries_visited"
"Illinois",0.2405,0.014088271050516,0.00193022749300594,"weighted_long_edges_bracket_mean","num_countries_visited"
"Illinois",0.295,0.0172734245373684,0.00192221040030307,"weighted_long_edges_bracket_mean","num_countries_visited"
"Illinois",0.3773,0.0267519853222298,0.00368123924553987,"weighted_long_edges_bracket_mean","num_countries_visited"
"Illinois",0.5707,0.0242794069592252,0.00339785782678962,"weighted_long_edges_bracket_mean","num_countries_visited"
"Texas",0.0251,-0.00956771220894591,0.00166796309739007,"weighted_long_edges_bracket_mean","num_countries_visited"
"Texas",0.0538,-0.00224845824244488,0.00160229923138632,"weighted_long_edges_bracket_mean","num_countries_visited"
"Texas",0.077,0.000660471579497345,0.00155571620752321,"weighted_long_edges_bracket_mean","num_countries_visited"
"Texas",0.0999,0,0,"weighted_long_edges_bracket_mean","num_countries_visited"
"Texas",0.1237,0.00702029951070848,0.00301740814068761,"weighted_long_edges_bracket_mean","num_countries_visited"
"Texas",0.1495,0.00637125899772985,0.00109963977900771,"weighted_long_edges_bracket_mean","num_countries_visited"
"Texas",0.1787,0.00946667383038447,0.00121648899675187,"weighted_long_edges_bracket_mean","num_countries_visited"
"Texas",0.2131,0.0110707743308096,0.00129544190532293,"weighted_long_edges_bracket_mean","num_countries_visited"
"Texas",0.2552,0.0137714986356196,0.00146167198190433,"weighted_long_edges_bracket_mean","num_countries_visited"
"Texas",0.3107,0.015502207434321,0.0017224774856906,"weighted_long_edges_bracket_mean","num_countries_visited"
"Texas",0.3942,0.0213165975083773,0.00270062976184535,"weighted_long_edges_bracket_mean","num_countries_visited"
"Texas",0.5882,0.0196162753296766,0.00321993717884015,"weighted_long_edges_bracket_mean","num_countries_visited"
"Florida",0.0321,-0.01319575013738,0.00198696266762112,"weighted_long_edges_bracket_mean","num_countries_visited"
"Florida",0.0666,-0.00614084535935739,0.00221687663452045,"weighted_long_edges_bracket_mean","num_countries_visited"
"Florida",0.0935,-0.00107698702228888,0.00191977357181869,"weighted_long_edges_bracket_mean","num_countries_visited"
"Florida",0.1189,0,0,"weighted_long_edges_bracket_mean","num_countries_visited"
"Florida",0.145,0.00397049689401827,0.00176788721257311,"weighted_long_edges_bracket_mean","num_countries_visited"
"Florida",0.173,0.00576539154256561,0.00166739737104943,"weighted_long_edges_bracket_mean","num_countries_visited"
"Florida",0.2043,0.00776850050249455,0.00182076042989348,"weighted_long_edges_bracket_mean","num_countries_visited"
"Florida",0.2405,0.011762559041873,0.00167560020905805,"weighted_long_edges_bracket_mean","num_countries_visited"
"Florida",0.2845,0.0124229892256804,0.00169078446868361,"weighted_long_edges_bracket_mean","num_countries_visited"
"Florida",0.342,0.014686527215043,0.00177698259529005,"weighted_long_edges_bracket_mean","num_countries_visited"
"Florida",0.4271,0.0207862139430261,0.00247395418763616,"weighted_long_edges_bracket_mean","num_countries_visited"
"Florida",0.6181,0.0152112544180657,0.0029381277869485,"weighted_long_edges_bracket_mean","num_countries_visited"
"California",0.0391,-0.0181929611288457,0.00314989423671509,"weighted_long_edges_bracket_mean","num_countries_visited"
"California",0.0787,-0.0139427631835298,0.00248272331529433,"weighted_long_edges_bracket_mean","num_countries_visited"
"California",0.1091,-0.00368093781012646,0.00312550762699467,"weighted_long_edges_bracket_mean","num_countries_visited"
"California",0.138,0,0,"weighted_long_edges_bracket_mean","num_countries_visited"
"California",0.1675,0.00194113440379163,0.00231443047492052,"weighted_long_edges_bracket_mean","num_countries_visited"
"California",0.1989,0.0075645603388191,0.00216013735385894,"weighted_long_edges_bracket_mean","num_countries_visited"
"California",0.234,0.0154522790939,0.00235751105097557,"weighted_long_edges_bracket_mean","num_countries_visited"
"California",0.2741,0.0207641818671998,0.00236032971985869,"weighted_long_edges_bracket_mean","num_countries_visited"
"California",0.3222,0.0218657436327592,0.00238337375425437,"weighted_long_edges_bracket_mean","num_countries_visited"
"California",0.3838,0.0293423299828375,0.00261794494436425,"weighted_long_edges_bracket_mean","num_countries_visited"
"California",0.4721,0.0330610446593928,0.00277128464575915,"weighted_long_edges_bracket_mean","num_countries_visited"
"California",0.6611,0.0384944524305563,0.00390252811404588,"weighted_long_edges_bracket_mean","num_countries_visited"
"New York",0.025,-0.0122097794941519,0.00266571373686832,"weighted_long_edges_bracket_mean","num_countries_visited"
"New York",0.0528,-0.00843588244695324,0.00250571356972194,"weighted_long_edges_bracket_mean","num_countries_visited"
"New York",0.0753,-0.004051862779387,0.00231559418466314,"weighted_long_edges_bracket_mean","num_countries_visited"
"New York",0.0978,0,0,"weighted_long_edges_bracket_mean","num_countries_visited"
"New York",0.1216,0.00436563921323396,0.00232435523867849,"weighted_long_edges_bracket_mean","num_countries_visited"
"New York",0.148,0.00976381454912009,0.00232381786610705,"weighted_long_edges_bracket_mean","num_countries_visited"
"New York",0.178,0.0134116404073526,0.00230077105772133,"weighted_long_edges_bracket_mean","num_countries_visited"
"New York",0.2136,0.0223903910813775,0.00244334106971371,"weighted_long_edges_bracket_mean","num_countries_visited"
"New York",0.2579,0.0255526066879084,0.00237479310704713,"weighted_long_edges_bracket_mean","num_countries_visited"
"New York",0.3161,0.0368686451845152,0.00285166834132412,"weighted_long_edges_bracket_mean","num_countries_visited"
"New York",0.4039,0.0413787948219411,0.00318475430462847,"weighted_long_edges_bracket_mean","num_countries_visited"
"New York",0.6047,0.0451988557330219,0.00512849638234807,"weighted_long_edges_bracket_mean","num_countries_visited"
"Pennsylvania",0.0255,-15.1662329620226,3.11077966293091,"weighted_long_edges_bracket_mean","phone_price"
"Pennsylvania",0.0526,-9.77663615620997,2.82592313246124,"weighted_long_edges_bracket_mean","phone_price"
"Pennsylvania",0.0744,-6.84265099180277,2.68191308092621,"weighted_long_edges_bracket_mean","phone_price"
"Pennsylvania",0.0956,0,0,"weighted_long_edges_bracket_mean","phone_price"
"Pennsylvania",0.1181,0.590639827471705,2.34637260692798,"weighted_long_edges_bracket_mean","phone_price"
"Pennsylvania",0.1426,0.840738372527994,2.229384171226,"weighted_long_edges_bracket_mean","phone_price"
"Pennsylvania",0.1703,-1.35512118777649,2.21179328863442,"weighted_long_edges_bracket_mean","phone_price"
"Pennsylvania",0.2029,-0.393232134485856,2.25213335301684,"weighted_long_edges_bracket_mean","phone_price"
"Pennsylvania",0.2432,-2.12464723995924,2.47933277951834,"weighted_long_edges_bracket_mean","phone_price"
"Pennsylvania",0.2968,-3.81735281422209,2.87135096027095,"weighted_long_edges_bracket_mean","phone_price"
"Pennsylvania",0.3776,0.249546345274553,3.60814517569224,"weighted_long_edges_bracket_mean","phone_price"
"Pennsylvania",0.5687,-10.6724980537114,5.48519171956511,"weighted_long_edges_bracket_mean","phone_price"
"Illinois",0.0228,-8.43409439189475,3.70320122640311,"weighted_long_edges_bracket_mean","phone_price"
"Illinois",0.0486,-3.96673334754837,3.170745910304,"weighted_long_edges_bracket_mean","phone_price"
"Illinois",0.0699,-1.90800006628069,2.81736641336491,"weighted_long_edges_bracket_mean","phone_price"
"Illinois",0.0911,0,0,"weighted_long_edges_bracket_mean","phone_price"
"Illinois",0.1135,1.20190113474382,2.43075256749428,"weighted_long_edges_bracket_mean","phone_price"
"Illinois",0.1383,-1.44975124209407,2.3445644440085,"weighted_long_edges_bracket_mean","phone_price"
"Illinois",0.1663,0.628589701233864,2.33804240420022,"weighted_long_edges_bracket_mean","phone_price"
"Illinois",0.1993,-0.674893379534183,2.41218993363176,"weighted_long_edges_bracket_mean","phone_price"
"Illinois",0.2405,-3.32796394616958,2.63283378282804,"weighted_long_edges_bracket_mean","phone_price"
"Illinois",0.295,-0.100353583186234,2.98257160138735,"weighted_long_edges_bracket_mean","phone_price"
"Illinois",0.3773,0.173797277880794,3.35388944664263,"weighted_long_edges_bracket_mean","phone_price"
"Illinois",0.5707,-8.66557587906163,4.43059929110671,"weighted_long_edges_bracket_mean","phone_price"
"Texas",0.0251,-3.8479353457991,2.72252134098692,"weighted_long_edges_bracket_mean","phone_price"
"Texas",0.0538,-1.20133636898947,2.41268661203622,"weighted_long_edges_bracket_mean","phone_price"
"Texas",0.077,-0.84131937979862,1.91297799009439,"weighted_long_edges_bracket_mean","phone_price"
"Texas",0.0999,0,0,"weighted_long_edges_bracket_mean","phone_price"
"Texas",0.1237,-0.0914736471597735,1.59670942949278,"weighted_long_edges_bracket_mean","phone_price"
"Texas",0.1495,0.247412216373618,1.5396732288723,"weighted_long_edges_bracket_mean","phone_price"
"Texas",0.1787,-0.0740048926304553,1.55869559217407,"weighted_long_edges_bracket_mean","phone_price"
"Texas",0.2131,-1.24887828037333,1.65854656103304,"weighted_long_edges_bracket_mean","phone_price"
"Texas",0.2552,-4.30415331945335,1.81759433682914,"weighted_long_edges_bracket_mean","phone_price"
"Texas",0.3107,-7.42896214788072,2.1381685468841,"weighted_long_edges_bracket_mean","phone_price"
"Texas",0.3942,-10.941584580758,2.52788911382887,"weighted_long_edges_bracket_mean","phone_price"
"Texas",0.5882,-15.3352169185953,3.54998258823063,"weighted_long_edges_bracket_mean","phone_price"
"Florida",0.0321,-1.85637324596394,2.99267586272466,"weighted_long_edges_bracket_mean","phone_price"
"Florida",0.0666,-2.83383244659922,2.4776548835385,"weighted_long_edges_bracket_mean","phone_price"
"Florida",0.0935,-0.197769957342189,2.1823898079578,"weighted_long_edges_bracket_mean","phone_price"
"Florida",0.1189,0,0,"weighted_long_edges_bracket_mean","phone_price"
"Florida",0.145,-0.105138827768201,1.98649995472904,"weighted_long_edges_bracket_mean","phone_price"
"Florida",0.173,2.10683136123941,1.94978003262475,"weighted_long_edges_bracket_mean","phone_price"
"Florida",0.2043,1.00692028754293,1.90471427602659,"weighted_long_edges_bracket_mean","phone_price"
"Florida",0.2405,-2.36099181033796,1.99289604605478,"weighted_long_edges_bracket_mean","phone_price"
"Florida",0.2845,-0.00532001157318973,2.23557973926785,"weighted_long_edges_bracket_mean","phone_price"
"Florida",0.342,-2.27726411281378,2.35074954019693,"weighted_long_edges_bracket_mean","phone_price"
"Florida",0.4271,-5.77111299649539,2.51943753865031,"weighted_long_edges_bracket_mean","phone_price"
"Florida",0.6181,-10.0672747123366,3.88741497613998,"weighted_long_edges_bracket_mean","phone_price"
"California",0.0391,-6.83669345780902,3.02898209736573,"weighted_long_edges_bracket_mean","phone_price"
"California",0.0787,-3.040548263456,2.23604656876538,"weighted_long_edges_bracket_mean","phone_price"
"California",0.1091,-0.893683288100306,1.98141669363496,"weighted_long_edges_bracket_mean","phone_price"
"California",0.138,0,0,"weighted_long_edges_bracket_mean","phone_price"
"California",0.1675,2.59226623233121,1.82583237017769,"weighted_long_edges_bracket_mean","phone_price"
"California",0.1989,-0.0679328314745362,1.73061497629996,"weighted_long_edges_bracket_mean","phone_price"
"California",0.234,2.34701877749637,1.7393246352964,"weighted_long_edges_bracket_mean","phone_price"
"California",0.2741,2.52881289142238,1.82408386293432,"weighted_long_edges_bracket_mean","phone_price"
"California",0.3222,1.49743587309081,2.43142624732445,"weighted_long_edges_bracket_mean","phone_price"
"California",0.3838,0.758273622199681,2.39608364704249,"weighted_long_edges_bracket_mean","phone_price"
"California",0.4721,-2.11659404260672,2.55497564847024,"weighted_long_edges_bracket_mean","phone_price"
"California",0.6611,-3.25626985786175,3.35028001955252,"weighted_long_edges_bracket_mean","phone_price"
"New York",0.025,-9.02403997456327,3.20110386768557,"weighted_long_edges_bracket_mean","phone_price"
"New York",0.0528,-1.84436731626545,2.63758954137823,"weighted_long_edges_bracket_mean","phone_price"
"New York",0.0753,0.0158328892342752,2.29930171386882,"weighted_long_edges_bracket_mean","phone_price"
"New York",0.0978,0,0,"weighted_long_edges_bracket_mean","phone_price"
"New York",0.1216,3.32291744071529,2.05477049079673,"weighted_long_edges_bracket_mean","phone_price"
"New York",0.148,6.70067148415296,1.97812144511261,"weighted_long_edges_bracket_mean","phone_price"
"New York",0.178,4.69557399028133,1.9969763166729,"weighted_long_edges_bracket_mean","phone_price"
"New York",0.2136,5.55044233101773,2.07859469604784,"weighted_long_edges_bracket_mean","phone_price"
"New York",0.2579,3.54945957528571,2.39184648544652,"weighted_long_edges_bracket_mean","phone_price"
"New York",0.3161,3.85210320978183,2.68845713438392,"weighted_long_edges_bracket_mean","phone_price"
"New York",0.4039,-0.839751454990392,3.78603271266649,"weighted_long_edges_bracket_mean","phone_price"
"New York",0.6047,0.580562462519765,4.0655595494739,"weighted_long_edges_bracket_mean","phone_price"
